{
  "lang":"id",
  "name":"pipeline",
  "version":"0.0.0",
  "spacy_version":">=3.2.4,<3.3.0",
  "description":"",
  "author":"",
  "email":"",
  "url":"",
  "license":"",
  "spacy_git_version":"b50fe5ec6",
  "vectors":{
    "width":0,
    "vectors":0,
    "keys":0,
    "name":null,
    "mode":"default"
  },
  "labels":{
    "tok2vec":[

    ],
    "ner":[
      "LOKASI",
      "ORANG",
      "TANGGAL"
    ]
  },
  "pipeline":[
    "tok2vec",
    "ner"
  ],
  "components":[
    "tok2vec",
    "ner"
  ],
  "disabled":[

  ],
  "performance":{
    "ents_f":0.9977669509,
    "ents_p":0.9971596673,
    "ents_r":0.9983749746,
    "ents_per_type":{
      "LOKASI":{
        "p":0.9987854251,
        "r":0.9979773463,
        "f":0.9983812222
      },
      "ORANG":{
        "p":0.9979057592,
        "r":0.9994756162,
        "f":0.9986900707
      },
      "TANGGAL":{
        "p":0.9872495446,
        "r":0.9963235294,
        "f":0.9917657823
      }
    },
    "tok2vec_loss":2216.4401582831,
    "ner_loss":180.5276514364
  }
}