{
  "lang":"id",
  "name":"pipeline",
  "version":"0.0.0",
  "spacy_version":">=3.2.4,<3.3.0",
  "description":"",
  "author":"",
  "email":"",
  "url":"",
  "license":"",
  "spacy_git_version":"b50fe5ec6",
  "vectors":{
    "width":0,
    "vectors":0,
    "keys":0,
    "name":null,
    "mode":"default"
  },
  "labels":{
    "tok2vec":[

    ],
    "ner":[
      "LOKASI",
      "ORANG",
      "TANGGAL"
    ]
  },
  "pipeline":[
    "tok2vec",
    "ner"
  ],
  "components":[
    "tok2vec",
    "ner"
  ],
  "disabled":[

  ],
  "performance":{
    "ents_f":0.9972586049,
    "ents_p":0.996954933,
    "ents_r":0.9975624619,
    "ents_per_type":{
      "LOKASI":{
        "p":0.9959644875,
        "r":0.998381877,
        "f":0.9971717172
      },
      "ORANG":{
        "p":0.9994742376,
        "r":0.9968536969,
        "f":0.9981622473
      },
      "TANGGAL":{
        "p":0.9926739927,
        "r":0.9963235294,
        "f":0.9944954128
      }
    },
    "tok2vec_loss":1800.3595548653,
    "ner_loss":160.4261260846
  }
}