tingkat setelah parent,parent,similarity
2,banjir,"[('longsor', 0.7020419836044312), ('kekeringan', 0.6403771042823792), ('tanggul', 0.6280034184455872), ('kemacetan', 0.6163849234580994), ('erosi', 0.6139939427375793), ('luapan', 0.6087362766265869), ('pendangkalan', 0.5970373153686523), ('bandang', 0.5954942107200623), ('bencana', 0.5949968099594116), ('kebakaran', 0.592870831489563)]"
2,kelaparan,"[('wabah', 0.7254995703697205), ('epidemi', 0.7152317762374878), ('kekeringan', 0.6980215907096863), ('kesengsaraan', 0.6552020311355591), ('malapetaka', 0.6528469324111938), ('kesusahan', 0.6507555842399597), ('kolera', 0.6446535587310791), ('kepanikan', 0.6189945936203003), ('berkepanjangan', 0.6022981405258179), ('penderitaan', 0.5947527885437012)]"
2,gempa,"[('tsunami', 0.6986302137374878), ('letusan', 0.6307534575462341), ('guncangan', 0.6146719455718994), ('bencana', 0.5899478793144226), ('longsor', 0.5516852736473083), ('erupsi', 0.5497839450836182), ('ledakan', 0.5459515452384949), ('mengguncang', 0.544715940952301), ('pascagempa', 0.5174664258956909), ('banjir', 0.512455940246582)]"
2,kekeringan,"[('kelaparan', 0.6980215907096863), ('erosi', 0.690958559513092), ('pendangkalan', 0.6743497848510742), ('epidemi', 0.6658161282539368), ('berkepanjangan', 0.6453440189361572), ('pengikisan', 0.6423711180686951), ('banjir', 0.6403771042823792), ('abrasi', 0.6378408670425415), ('kelangkaan', 0.6311964392662048), ('sedimentasi', 0.626994252204895)]"
2,kebakaran,"[('ledakan', 0.6575784087181091), ('pemadaman', 0.6104346513748169), ('banjir', 0.592870831489563), ('kecelakaan', 0.573072612285614), ('bencana', 0.5725118517875671), ('terbakar', 0.570141077041626), ('musibah', 0.5656459927558899), ('kebocoran', 0.5514767169952393), ('longsor', 0.548268735408783), ('insiden', 0.5412068963050842)]"
2,longsor,"[('erosi', 0.7324599623680115), ('tertimbun', 0.7117583155632019), ('longsoran', 0.7116907835006714), ('banjir', 0.7020419836044312), ('pengikisan', 0.6588835120201111), ('amblas', 0.6559628248214722), ('subsiden', 0.6430581212043762), ('abrasi', 0.6388352513313293), ('pendangkalan', 0.6218270659446716), ('kekeringan', 0.6179543733596802)]"
2,tsunami,"[('gempa', 0.6986302137374878), ('earthquake', 0.601925790309906), ('terjangan', 0.597658634185791), ('letusan', 0.578025758266449), ('guncangan', 0.5731687545776367), ('gempabumi', 0.5609593391418457), ('bencana', 0.5605586767196655), ('diterjang', 0.5605236887931824), ('taifun', 0.5476126074790955), ('longsor', 0.5412030220031738)]"
2,bahaya,"[('ancaman', 0.6728236675262451), ('ketakutan', 0.5971754193305969), ('risiko', 0.5943428874015808), ('malapetaka', 0.5674025416374207), ('kerentanan', 0.5620706081390381), ('kerawanan', 0.5592927932739258), ('kemalangan', 0.5551775693893433), ('kesusahan', 0.5538588166236877), ('dampaknya', 0.5538120865821838), ('kegelisahan', 0.5460911989212036)]"
3,tanggul,"[('bendungan', 0.7429750561714172), ('bendung', 0.7295394539833069), ('waduk', 0.7142320871353149), ('selokan', 0.7119014859199524), ('parit', 0.6798520684242249), ('jebol', 0.663144588470459), ('drainase', 0.6403782367706299), ('terowongan', 0.6334431767463684), ('banjir', 0.6280034184455872), ('jebolnya', 0.6161178350448608)]"
3,kemacetan,"[('macet', 0.7596261501312256), ('ketidaknyamanan', 0.6481205224990845), ('kepanikan', 0.6471317410469055), ('banjir', 0.6163848638534546), ('hambatan', 0.6134273409843445), ('keterlambatan', 0.6078033447265625), ('pelebaran', 0.598075807094574), ('penundaan', 0.5928143262863159), ('kerugian', 0.5699536204338074), ('kebocoran', 0.5648893117904663)]"
3,erosi,"[('sedimentasi', 0.8297510147094727), ('abrasi', 0.8129388093948364), ('pengikisan', 0.7993384599685669), ('pengendapan', 0.7605287432670593), ('pendangkalan', 0.7492383122444153), ('pelapukan', 0.7444639205932617), ('longsor', 0.7324599623680115), ('intrusi', 0.707360565662384), ('penyusutan', 0.702079713344574), ('kontaminasi', 0.7001864314079285)]"
3,luapan,"[('meluap', 0.7316169738769531), ('meluapnya', 0.6789474487304688), ('genangan', 0.6719455122947693), ('pendangkalan', 0.6459969282150269), ('menggenangi', 0.6291806101799011), ('luap', 0.6269817352294922), ('banjir', 0.6087362170219421), ('keruh', 0.6017407178878784), ('sedimentasi', 0.5768824815750122), ('goncangan', 0.5766595005989075)]"
3,pendangkalan,"[('sedimentasi', 0.804084837436676), ('erosi', 0.7492384314537048), ('abrasi', 0.7263917326927185), ('pengikisan', 0.7167892456054688), ('rusaknya', 0.6954792141914368), ('eutrofikasi', 0.6931717395782471), ('kekeringan', 0.6743499040603638), ('pengendapan', 0.6694627404212952), ('penyusutan', 0.666143000125885), ('penumpukan', 0.6632780432701111)]"
3,bandang,"[('banjir', 0.5954942107200623), ('diterjang', 0.5802686810493469), ('longsor', 0.5755302906036377), ('terjangan', 0.5148249268531799), ('rawan', 0.5130870938301086), ('lamping', 0.5058847069740295), ('menggenangi', 0.5054583549499512), ('terparah', 0.5009835362434387), ('porak', 0.5003023147583008), ('tsunami', 0.4909984767436981)]"
3,letusan,"[('erupsi', 0.8659065365791321), ('vulkanik', 0.7084173560142517), ('kaldera', 0.6925520896911621), ('ledakan', 0.6614747643470764), ('berapi', 0.653251588344574), ('vulkanis', 0.6513082981109619), ('tubrukan', 0.6407479047775269), ('freatik', 0.637042760848999), ('gempa', 0.6307533979415894), ('semburan', 0.6286265850067139)]"
3,guncangan,"[('goncangan', 0.708687424659729), ('getaran', 0.676841139793396), ('ledakan', 0.661625325679779), ('gempa', 0.6146718859672546), ('susulan', 0.6102031469345093), ('benturan', 0.6069521903991699), ('kepanikan', 0.6051959991455078), ('hantaman', 0.6041735410690308), ('terjangan', 0.6025983691215515), ('deformasi', 0.5824751853942871)]"
3,erupsi,"[('letusan', 0.8659065961837769), ('vulkanik', 0.6959483623504639), ('kelud', 0.6793757081031799), ('vulkanis', 0.6708786487579346), ('kaldera', 0.6685068607330322), ('freatik', 0.657067596912384), ('letusannya', 0.6475775837898254), ('berapi', 0.6405206322669983), ('tubrukan', 0.6245659589767456), ('longsoran', 0.6211605072021484)]"
3,ledakan,"[('tabrakan', 0.6787225008010864), ('guncangan', 0.6616252064704895), ('letusan', 0.6614747047424316), ('kebakaran', 0.6575783491134644), ('semburan', 0.644906759262085), ('meledak', 0.6421293020248413), ('kebocoran', 0.6397943496704102), ('peledakan', 0.6224795579910278), ('erupsi', 0.6147971749305725), ('bom', 0.6061505079269409)]"
3,mengguncang,"[('melanda', 0.7312303185462952), ('diguncang', 0.6645016074180603), ('dilanda', 0.6286627054214478), ('menerpa', 0.5891726016998291), ('menghantam', 0.574303150177002), ('meletus', 0.5490998029708862), ('gempa', 0.544715940952301), ('diterjang', 0.5348866581916809), ('menerjang', 0.5298652648925781), ('lantakkan', 0.5158651471138)]"
3,pascagempa,"[('tsunami', 0.5359630584716797), ('gempa', 0.5174663066864014), ('diterjang', 0.4947444796562195), ('bencana', 0.49339285492897034), ('pemadaman', 0.4922291040420532), ('terjangan', 0.4850718677043915), ('ledakan', 0.4765295088291168), ('susulan', 0.4703965485095978), ('guncangan', 0.45778077840805054), ('kebakaran', 0.45550650358200073)]"
3,pengikisan,"[('erosi', 0.7993384003639221), ('pengendapan', 0.7521161437034607), ('sedimentasi', 0.7507016062736511), ('pelapukan', 0.7347182035446167), ('abrasi', 0.7283516526222229), ('pendangkalan', 0.7167893052101135), ('penyusutan', 0.7130582332611084), ('deformasi', 0.6730290055274963), ('longsor', 0.6588835120201111), ('rusaknya', 0.6552332043647766)]"
3,abrasi,"[('erosi', 0.8129387497901917), ('sedimentasi', 0.737647294998169), ('pengikisan', 0.7283516526222229), ('pendangkalan', 0.7263917922973633), ('pengendapan', 0.6895473003387451), ('penggenangan', 0.6628919839859009), ('rusaknya', 0.6488355398178101), ('longsor', 0.6388352513313293), ('kekeringan', 0.6378408670425415), ('korosi', 0.6350706219673157)]"
3,sedimentasi,"[('erosi', 0.8297510743141174), ('pengendapan', 0.8229808211326599), ('pendangkalan', 0.8040847778320312), ('pelapukan', 0.7789402008056641), ('pengikisan', 0.7507016658782959), ('penguapan', 0.7420699596405029), ('abrasi', 0.737647294998169), ('eutrofikasi', 0.7306134700775146), ('penyusutan', 0.7283624410629272), ('sedimen', 0.7116628289222717)]"
3,terbakar,"[('hancur', 0.7045629024505615), ('meledak', 0.7041706442832947), ('dibakar', 0.6776916980743408), ('roboh', 0.6764991283416748), ('menghanguskan', 0.6712096333503723), ('rusak', 0.6568196415901184), ('membakar', 0.6541965007781982), ('membakarnya', 0.6421394944190979), ('ambruk', 0.6400607824325562), ('menyala', 0.63770592212677)]"
3,kebocoran,"[('penumpukan', 0.7242450714111328), ('kontaminasi', 0.7072193622589111), ('dekompresi', 0.6655019521713257), ('tabrakan', 0.650811493396759), ('korsleting', 0.6428479552268982), ('kelangkaan', 0.6402028203010559), ('ledakan', 0.6397944092750549), ('malafungsi', 0.6392256021499634), ('pemuaian', 0.6349465847015381), ('pencairan', 0.6318700313568115)]"
3,tertimbun,"[('terkubur', 0.7523393630981445), ('longsor', 0.7117583155632019), ('ditimbun', 0.6876602172851562), ('terendam', 0.6833324432373047), ('tererosi', 0.6644992232322693), ('diselimuti', 0.6532796621322632), ('amblas', 0.6525807976722717), ('diratakan', 0.650922954082489), ('roboh', 0.6501812934875488), ('berserakan', 0.6420625448226929)]"
3,longsoran,"[('retakan', 0.717181921005249), ('longsor', 0.7116908431053162), ('jatuhan', 0.7062911987304688), ('vulkanik', 0.7003570795059204), ('freatik', 0.6912353038787842), ('erosi', 0.6865699291229248), ('lahar', 0.6783717274665833), ('piroklastik', 0.6733056306838989), ('glasier', 0.6694404482841492), ('lava', 0.6657078862190247)]"
3,amblas,"[('longsor', 0.6559627652168274), ('tertimbun', 0.6525806784629822), ('subsiden', 0.6225611567497253), ('longsoran', 0.5808289647102356), ('jebol', 0.5575306415557861), ('pendangkalan', 0.5501636862754822), ('roboh', 0.5464200973510742), ('berlumpur', 0.5455743670463562), ('sedalam', 0.5380846858024597), ('salinisasi', 0.5324286818504333)]"
3,subsiden,"[('salinisasi', 0.7925160527229309), ('manupeu', 0.6850255131721497), ('bencah', 0.6795108318328857), ('badatu', 0.6696616411209106), ('liatnya', 0.6682513356208801), ('rhodostoma', 0.6551030874252319), ('novaeseelandiae', 0.6544130444526672), ('sareal', 0.6482697129249573), ('longsor', 0.643058180809021), ('organosol', 0.6385669708251953)]"
3,terjangan,"[('diterjang', 0.7639209628105164), ('hantaman', 0.6518606543540955), ('dihantam', 0.6316251158714294), ('terpaan', 0.6160893440246582), ('taifun', 0.6113342642784119), ('guncangan', 0.6025983691215515), ('tsunami', 0.597658634185791), ('menerjang', 0.5917103290557861), ('sambaran', 0.5898361802101135), ('imbas', 0.5810922384262085)]"
3,gempabumi,"[('freatik', 0.6259613633155823), ('seismik', 0.6023386120796204), ('tektonik', 0.5980112552642822), ('terjangan', 0.5765935182571411), ('longsoran', 0.569688618183136), ('vulkanisme', 0.5679331421852112), ('tsunami', 0.5609593987464905), ('sesar', 0.5522934794425964), ('upwelling', 0.5462217330932617), ('patahan', 0.5457056164741516)]"
3,diterjang,"[('terjangan', 0.7639209628105164), ('dihantam', 0.7267325520515442), ('menerjang', 0.6884691119194031), ('tersapu', 0.6823346614837646), ('tertimpa', 0.6816259026527405), ('lantak', 0.6670975089073181), ('diguncang', 0.6462567448616028), ('menerpa', 0.641629159450531), ('menghantam', 0.6387216448783875), ('terhempas', 0.6364015340805054)]"
3,taifun,"[('siklon', 0.6532624959945679), ('hurikan', 0.6468179225921631), ('badai', 0.6213144063949585), ('topan', 0.6187016367912292), ('terjangan', 0.6113343238830566), ('haiyan', 0.5567343235015869), ('tsunami', 0.5476126074790955), ('tornado', 0.5412967205047607), ('monsun', 0.5334583520889282), ('tembin', 0.5325930118560791)]"
4,dekompresi,"[('malafungsi', 0.7007642388343811), ('kebocoran', 0.6655020713806152), ('penumpukan', 0.660905659198761), ('pemuaian', 0.6596372723579407), ('turbulensi', 0.6371356248855591), ('pendinginan', 0.6313585638999939), ('tabrakan', 0.6292100548744202), ('kecelakan', 0.6194484233856201), ('penyusutan', 0.6142538189888), ('asfiksia', 0.612649142742157)]"
4,terbakarnya,"[('meledaknya', 0.7096984386444092), ('tenggelamnya', 0.6451982259750366), ('tertabrak', 0.5629027485847473), ('sewol', 0.5540152788162231), ('tertimpa', 0.5524292588233948), ('diterjang', 0.5516857504844666), ('hancurnya', 0.5464107394218445), ('kecelakan', 0.5463445782661438), ('musibah', 0.5382382869720459), ('terserempet', 0.5323686003684998)]"
4,pengendapan,"[('pelapukan', 0.8375971913337708), ('sedimentasi', 0.8229807019233704), ('kristalisasi', 0.8218666911125183), ('dekomposisi', 0.7956209778785706), ('pelarutan', 0.7930854558944702), ('alterasi', 0.7839722633361816), ('endapan', 0.7707325220108032), ('kondensasi', 0.7682121396064758), ('penguapan', 0.7673531770706177), ('erosi', 0.7605286836624146)]"
4,pelapukan,"[('pengendapan', 0.8375972509384155), ('dekomposisi', 0.7939118146896362), ('alterasi', 0.7929985523223877), ('sedimentasi', 0.7789401412010193), ('kristalisasi', 0.7545405030250549), ('endapan', 0.7531148791313171), ('erosi', 0.7444639801979065), ('pelarutan', 0.7351244688034058), ('pengikisan', 0.7347181439399719), ('kondensasi', 0.7229787111282349)]"
4,intrusi,"[('sedimen', 0.7837346196174622), ('endapan', 0.7480304837226868), ('pengendapan', 0.7398062944412231), ('rekahan', 0.7319318056106567), ('perlapisan', 0.7206568121910095), ('erosi', 0.7073605060577393), ('batuan', 0.7063844203948975), ('lelehan', 0.7035021781921387), ('basal', 0.7016777992248535), ('pelapukan', 0.7011781930923462)]"
4,penyusutan,"[('penurunan', 0.7657161951065063), ('penipisan', 0.7489328384399414), ('berkurangnya', 0.7328549027442932), ('sedimentasi', 0.7283625602722168), ('pertambahan', 0.7130846381187439), ('pengikisan', 0.7130582928657532), ('fluktuasi', 0.7102916836738586), ('lonjakan', 0.7054776549339294), ('erosi', 0.702079713344574), ('pengurangan', 0.6992964744567871)]"
4,kontaminasi,"[('pembusukan', 0.7676247954368591), ('penumpukan', 0.7233625650405884), ('dehidrasi', 0.7141737341880798), ('keracunan', 0.7139449715614319), ('penipisan', 0.7112136483192444), ('pestisida', 0.7101202607154846), ('kebocoran', 0.7072194218635559), ('korosi', 0.7070066332817078), ('kontaminan', 0.7006412148475647), ('erosi', 0.7001863718032837)]"
4,meluap,"[('luapan', 0.7316170334815979), ('menggenangi', 0.7049257755279541), ('deras', 0.6948120594024658), ('luap', 0.6822806596755981), ('terendam', 0.6619406938552856), ('tergenang', 0.6580607891082764), ('membanjiri', 0.6462264657020569), ('meluapnya', 0.6393478512763977), ('hanyut', 0.6387417912483215), ('keruh', 0.6366848349571228)]"
4,meluapnya,"[('suktimati', 0.705256462097168), ('citanduy', 0.6961756944656372), ('songhua', 0.6812452673912048), ('luapan', 0.6789474487304688), ('rangkui', 0.6770967841148376), ('silugonggo', 0.6642953753471375), ('nakdong', 0.6617617607116699), ('tarab', 0.6603918671607971), ('banjirnya', 0.6516576409339905), ('cisanggarung', 0.6512240171432495)]"
4,genangan,"[('tergenang', 0.7422370314598083), ('payau', 0.7352718114852905), ('resapan', 0.7334978580474854), ('keruh', 0.7260036468505859), ('digenangi', 0.712494969367981), ('menggenang', 0.7066106200218201), ('terendam', 0.6948943734169006), ('penguapan', 0.6872930526733398), ('peresapan', 0.684366762638092), ('kesadahan', 0.6834555864334106)]"
4,menggenangi,"[('terendam', 0.7872797846794128), ('tergenang', 0.7771524786949158), ('meluap', 0.7049257159233093), ('membanjiri', 0.6982278823852539), ('digenangi', 0.6964333057403564), ('dikeruk', 0.6565596461296082), ('genangan', 0.6547554731369019), ('menggenang', 0.6390953660011292), ('luapan', 0.6291806101799011), ('jebol', 0.6262623071670532)]"
4,luap,"[('meluap', 0.6822806000709534), ('luapan', 0.6269816756248474), ('derasnya', 0.5491743683815002), ('deras', 0.5477563738822937), ('gemetar', 0.5363200306892395), ('meluapkan', 0.5286914706230164), ('kegirangan', 0.5200203061103821), ('gulana', 0.5038415193557739), ('lahar', 0.5017581582069397), ('meluapnya', 0.49393415451049805)]"
4,keruh,"[('genangan', 0.7260035276412964), ('rendaman', 0.7173851132392883), ('jernih', 0.7137458324432373), ('menggenang', 0.7104461193084717), ('tergenang', 0.695120096206665), ('jernihnya', 0.6861801147460938), ('terendam', 0.6814615726470947), ('digenangi', 0.678686261177063), ('payau', 0.6752237677574158), ('terjunnya', 0.6609011888504028)]"
4,rusaknya,"[('terganggunya', 0.7768725156784058), ('pendangkalan', 0.6954792141914368), ('berkurangnya', 0.6731332540512085), ('erosi', 0.6677639484405518), ('penumpukan', 0.6677299737930298), ('timbulnya', 0.6664541363716125), ('hilangnya', 0.6659815907478333), ('eutrofikasi', 0.6602996587753296), ('pengikisan', 0.6552331447601318), ('abrasi', 0.6488354802131653)]"
4,eutrofikasi,"[('sedimentasi', 0.7306134104728699), ('pendangkalan', 0.6931717395782471), ('erosi', 0.6675506234169006), ('terganggunya', 0.664726197719574), ('rusaknya', 0.6602996587753296), ('pengendapan', 0.6485009789466858), ('asfiksia', 0.6435726284980774), ('hemolisis', 0.6298602819442749), ('deforestasi', 0.6267066597938538), ('pengikisan', 0.6241821050643921)]"
4,penumpukan,"[('dehidrasi', 0.7687078714370728), ('penyumbatan', 0.7588449120521545), ('pembusukan', 0.7409937381744385), ('penipisan', 0.7278090715408325), ('kebocoran', 0.7242450714111328), ('kontaminasi', 0.7233626842498779), ('obstruksi', 0.7167268991470337), ('pengendapan', 0.71123206615448), ('pembengkakan', 0.710313081741333), ('terganggunya', 0.7011006474494934)]"
4,rawan,"[('terdampak', 0.6508750915527344), ('rentan', 0.620752215385437), ('longsor', 0.5913406014442444), ('berbahaya', 0.5808265209197998), ('parah', 0.5700145363807678), ('berpotensi', 0.5659264922142029), ('erosi', 0.5384641885757446), ('memprihatinkan', 0.5226987600326538), ('rusaknya', 0.5221664309501648), ('sensitif', 0.5215425491333008)]"
4,lamping,"[('gumuk', 0.6367252469062805), ('kalimati', 0.6300777792930603), ('bedeng', 0.6294134259223938), ('sigura', 0.6250214576721191), ('cibedug', 0.6167643666267395), ('selorejo', 0.6165075898170471), ('putat', 0.6143999099731445), ('rowo', 0.6110112071037292), ('kaso', 0.610255241394043), ('candran', 0.6058005690574646)]"
4,vulkanik,"[('vulkanis', 0.8796757459640503), ('gunungapi', 0.7934269905090332), ('tuf', 0.782448410987854), ('vulkanisme', 0.7677695751190186), ('breksi', 0.7418140172958374), ('volkanik', 0.7347806692123413), ('lava', 0.7338594794273376), ('tektonik', 0.7333250641822815), ('kaldera', 0.7303441762924194), ('endapan', 0.7231028079986572)]"
4,kaldera,"[('gunungapi', 0.7466490268707275), ('vulkanik', 0.7303440570831299), ('kawah', 0.7124195694923401), ('letusan', 0.6925520896911621), ('lava', 0.692237377166748), ('vulkanis', 0.6876298785209656), ('freatik', 0.6762901544570923), ('fumarol', 0.672343373298645), ('erupsi', 0.6685068607330322), ('kepundan', 0.6674752235412598)]"
4,berapi,"[('vulkanik', 0.6960921287536621), ('stratovolcano', 0.6910877227783203), ('letusan', 0.6532516479492188), ('vulkanis', 0.6508435010910034), ('kaldera', 0.6447689533233643), ('erupsi', 0.6405206918716431), ('gunungapi', 0.6230941414833069), ('kepundan', 0.5904049873352051), ('vesuvius', 0.5886725187301636), ('fumarol', 0.5708373188972473)]"
4,vulkanis,"[('vulkanik', 0.8796756863594055), ('gunungapi', 0.7501320838928223), ('vulkanisme', 0.7279934883117676), ('tuf', 0.7226185202598572), ('fumarol', 0.7136828303337097), ('kaldera', 0.6876299381256104), ('lava', 0.681769609451294), ('freatik', 0.6801816821098328), ('breksi', 0.6731484532356262), ('erupsi', 0.6708786487579346)]"
4,tubrukan,"[('kenampakan', 0.7194979190826416), ('akresi', 0.7082207798957825), ('tumbukan', 0.687652587890625), ('retakan', 0.6845692992210388), ('vulkanik', 0.6797403693199158), ('kawah', 0.6767633557319641), ('vulkanisme', 0.6703166961669922), ('ganymede', 0.6678979992866516), ('callisto', 0.6655048727989197), ('kaldera', 0.6640676856040955)]"
4,freatik,"[('vulkanik', 0.7037310004234314), ('fumarol', 0.6924956440925598), ('longsoran', 0.6912353038787842), ('lava', 0.6901276707649231), ('vulkanis', 0.6801816821098328), ('kaldera', 0.6762901544570923), ('vulkanisme', 0.6628172397613525), ('tuf', 0.662742555141449), ('piroklastik', 0.6626355648040771), ('solfatara', 0.6608309745788574)]"
4,semburan,"[('letupan', 0.771887481212616), ('percikan', 0.6760860681533813), ('kilatan', 0.6549823880195618), ('longsoran', 0.6530119776725769), ('ledakan', 0.6449066400527954), ('tubrukan', 0.6406760215759277), ('pancaran', 0.6300097107887268), ('letusan', 0.6286265254020691), ('debu', 0.627963125705719), ('retakan', 0.6254886388778687)]"
4,getaran,"[('gesekan', 0.7227330803871155), ('distorsi', 0.7020105719566345), ('pantulan', 0.6895212531089783), ('kejut', 0.6859278678894043), ('bergetar', 0.6772773861885071), ('guncangan', 0.676841139793396), ('vibrasi', 0.6763314604759216), ('kebisingan', 0.6681264042854309), ('derau', 0.6668878197669983), ('tarikan', 0.664065957069397)]"
4,susulan,"[('episenter', 0.6145632863044739), ('guncangan', 0.6102030873298645), ('episentrum', 0.551845133304596), ('hiposenter', 0.5388237237930298), ('vei', 0.5370367169380188), ('richter', 0.5296737551689148), ('rentetan', 0.5250766277313232), ('letusan', 0.5010261535644531), ('gempa', 0.4981611967086792), ('diguncang', 0.49320369958877563)]"
4,benturan,"[('gesekan', 0.7735524773597717), ('friksi', 0.7123427987098694), ('goncangan', 0.6761403679847717), ('tabrakan', 0.6760497689247131), ('deformasi', 0.6693745851516724), ('pemuaian', 0.6467172503471375), ('keretakan', 0.6425551772117615), ('turbulensi', 0.6396507620811462), ('tarikan', 0.6392524838447571), ('tumbukan', 0.6382947564125061)]"
4,hantaman,"[('terjangan', 0.6518606543540955), ('tembakan', 0.6446263790130615), ('sabetan', 0.6240652799606323), ('tusukan', 0.620956301689148), ('goncangan', 0.6185899376869202), ('pukulan', 0.6161171793937683), ('tubi', 0.6054788827896118), ('guncangan', 0.604173481464386), ('benturan', 0.6009771227836609), ('mortir', 0.5920887589454651)]"
4,deformasi,"[('pemuaian', 0.7631058096885681), ('pengendapan', 0.7554032206535339), ('regangan', 0.7503184676170349), ('turbulensi', 0.7346510887145996), ('plastis', 0.7311446666717529), ('kontraksi', 0.7237592339515686), ('tumbukan', 0.7156422734260559), ('konduksi', 0.7103556394577026), ('perlapisan', 0.7090227603912354), ('fluida', 0.7056863307952881)]"
4,kelud,"[('merapi', 0.7610523700714111), ('sinabung', 0.7487227916717529), ('marapi', 0.7316694259643555), ('papandayan', 0.7303470969200134), ('merbabu', 0.7291971445083618), ('ciremai', 0.7175449728965759), ('ceremai', 0.7150725722312927), ('semeru', 0.7125487923622131), ('vesuvius', 0.7011295557022095), ('arjuno', 0.6983907222747803)]"
4,letusannya,"[('erupsi', 0.6475775837898254), ('vulkanis', 0.6167895197868347), ('letusan', 0.6115849614143372), ('kelud', 0.6110458374023438), ('vulkanik', 0.5997592210769653), ('supervulkan', 0.5832267999649048), ('kaldera', 0.5798106789588928), ('pinatubo', 0.5784855484962463), ('eruption', 0.5777744054794312), ('freatik', 0.5748130083084106)]"
4,meledak,"[('terbakar', 0.7041706442832947), ('diledakkan', 0.7025166749954224), ('menabrak', 0.6777507662773132), ('meledakkan', 0.6631945967674255), ('ledakan', 0.6421293020248413), ('menghantam', 0.6396952867507935), ('terlempar', 0.6162673234939575), ('terlontar', 0.6146308779716492), ('bom', 0.6006211638450623), ('meleset', 0.5893027782440186)]"
4,diguncang,"[('dihantam', 0.6918852925300598), ('mengguncang', 0.6645016074180603), ('dilanda', 0.6628299951553345), ('diterjang', 0.6462568044662476), ('melanda', 0.6236732006072998), ('dikejutkan', 0.6020774841308594), ('dibombardir', 0.5981042385101318), ('akibatkan', 0.5673908591270447), ('ditubruk', 0.5655706524848938), ('disapu', 0.5643830299377441)]"
4,menerpa,"[('menerjang', 0.734117865562439), ('melanda', 0.6732916831970215), ('dilanda', 0.6566982865333557), ('diterpa', 0.6439658999443054), ('diterjang', 0.641629159450531), ('menghantam', 0.6371551752090454), ('menyelimuti', 0.6133188009262085), ('menimpa', 0.5946042537689209), ('mengguncang', 0.5891726016998291), ('ribut', 0.5710320472717285)]"
4,menghantam,"[('menerjang', 0.7932635545730591), ('menabrak', 0.7447960376739502), ('dihantam', 0.7283347845077515), ('membentur', 0.6923872232437134), ('menembakkan', 0.6531770825386047), ('meledak', 0.6396952867507935), ('diterjang', 0.6387217044830322), ('menerpa', 0.6371550559997559), ('menghujani', 0.6340199708938599), ('meledakkan', 0.6232389807701111)]"
4,meletus,"[('meletusnya', 0.7483519315719604), ('mereda', 0.6455022096633911), ('terjadi', 0.6446946859359741), ('dilanda', 0.6441473364830017), ('pecah', 0.6426640152931213), ('berkecamuk', 0.6252986192703247), ('berkobar', 0.6250477433204651), ('melanda', 0.6156604290008545), ('menyulut', 0.5800020098686218), ('bergejolak', 0.5659834742546082)]"
4,menerjang,"[('menghantam', 0.7932634949684143), ('menerpa', 0.7341178059577942), ('diterjang', 0.6884691715240479), ('dihantam', 0.6729283928871155), ('menabrak', 0.6502247452735901), ('menghadang', 0.6472029685974121), ('tersapu', 0.6448074579238892), ('terhempas', 0.6370425224304199), ('menyambar', 0.6151570677757263), ('mengitari', 0.6112610697746277)]"
4,lantakkan,"[('meluluh', 0.8537121415138245), ('mocoa', 0.6371971368789673), ('denau', 0.6213922500610352), ('beichuan', 0.6176537275314331), ('gÃ¶lcÃ¼k', 0.6123666167259216), ('_ebinkarahisar', 0.6003665924072266), ('nalca', 0.5987026691436768), ('jingmen', 0.598564088344574), ('dundgovi', 0.5982379913330078), ('elÃ¢zÄ±_', 0.5976048111915588)]"
4,penggenangan,"[('erosi', 0.6992214322090149), ('sedimentasi', 0.6914655566215515), ('abrasi', 0.6628919839859009), ('pendangkalan', 0.6565967798233032), ('genangan', 0.6382520198822021), ('penguapan', 0.6205112934112549), ('kekeringan', 0.6020462512969971), ('pengendapan', 0.6005822420120239), ('tergenang', 0.5917762517929077), ('rembesan', 0.5848428606987)]"
4,korosi,"[('korosif', 0.7656034827232361), ('perkaratan', 0.7330294847488403), ('keausan', 0.730556309223175), ('merkuri', 0.7145576477050781), ('kontaminasi', 0.7070066928863525), ('magnesium', 0.6964232921600342), ('dekomposisi', 0.6942085027694702), ('toksisitas', 0.6905679702758789), ('erosi', 0.6790326833724976), ('toksik', 0.6708681583404541)]"
4,deforestasi,"[('penggundulan', 0.7269982099533081), ('erosi', 0.6995900273323059), ('penyusutan', 0.6983351707458496), ('pembalakan', 0.6926535367965698), ('penebangan', 0.6763195991516113), ('desertifikasi', 0.6602531671524048), ('gambut', 0.6538935303688049), ('perusakan', 0.6509549021720886), ('sedimentasi', 0.6506288051605225), ('kelangkaan', 0.6318125128746033)]"
4,penguapan,"[('evaporasi', 0.8486601710319519), ('penyerapan', 0.7810513973236084), ('kondensasi', 0.7725290656089783), ('pengendapan', 0.7673532962799072), ('transpirasi', 0.7670624852180481), ('pendinginan', 0.7604950666427612), ('kristalisasi', 0.7570402026176453), ('dekomposisi', 0.7558587789535522), ('lelehan', 0.7523300051689148), ('hidrasi', 0.746289074420929)]"
4,sedimen,"[('endapan', 0.8596692681312561), ('batuan', 0.8357980847358704), ('intrusi', 0.7837346196174622), ('bebatuan', 0.7522546052932739), ('pengendapan', 0.7433154582977295), ('batupasir', 0.7416407465934753), ('magma', 0.735719621181488), ('rekahan', 0.7305310368537903), ('metamorf', 0.7260410785675049), ('lempung', 0.7221141457557678)]"
4,kebencian,"[('kemarahan', 0.7925094366073608), ('kecemburuan', 0.7890376448631287), ('ketidaksukaan', 0.7547131776809692), ('amarah', 0.749453067779541), ('fitnah', 0.7342843413352966), ('penghinaan', 0.7337988615036011), ('kecurigaan', 0.7229411005973816), ('ketidakadilan', 0.7168337106704712), ('ketidakpuasan', 0.7164695262908936), ('kekejaman', 0.7110674381256104)]"
4,kecemburuan,"[('kebencian', 0.7890376448631287), ('kemarahan', 0.7386142611503601), ('kekecewaan', 0.7276532053947449), ('amarah', 0.7143174409866333), ('permusuhan', 0.7105106115341187), ('ketidakpuasan', 0.7062421441078186), ('kegelisahan', 0.699030339717865), ('ketidak', 0.6975048780441284), ('ketidaksukaan', 0.6926464438438416), ('kecemasan', 0.6868250370025635)]"
4,dihantam,"[('dibombardir', 0.7497983574867249), ('menghantam', 0.728334903717041), ('diterjang', 0.7267325520515442), ('ditembaki', 0.6942547559738159), ('diguncang', 0.6918852925300598), ('menerjang', 0.6729283928871155), ('tertahan', 0.6566292643547058), ('ditenggelamkan', 0.6542792320251465), ('diserang', 0.6505404710769653), ('dibom', 0.643794596195221)]"
4,terpaan,"[('tertiup', 0.7002904415130615), ('sepoi', 0.6792373061180115), ('anginan', 0.66677325963974), ('semilir', 0.6635335683822632), ('perangin', 0.6369569301605225), ('windbreak', 0.6364834308624268), ('bertiup', 0.6359031796455383), ('hembusan', 0.6177996397018433), ('terjangan', 0.6160893440246582), ('tiupan', 0.6155993938446045)]"
4,sambaran,"[('tersambar', 0.8753737807273865), ('disambar', 0.771644115447998), ('petir', 0.755416989326477), ('kilatan', 0.6614442467689514), ('__', 0.6546329855918884), ('terjangan', 0.5898362398147583), ('sepandjang', 0.5759475827217102), ('menyambar', 0.5646576285362244), ('hantaman', 0.5553935766220093), ('kilat', 0.5515700578689575)]"
4,seismik,"[('tektonik', 0.7101988792419434), ('kegempaan', 0.67616206407547), ('sesar', 0.6467933058738708), ('vulkanisme', 0.644353985786438), ('vulkanik', 0.6365290880203247), ('geologis', 0.6222352385520935), ('pemetaan', 0.617220938205719), ('geodetik', 0.6156283020973206), ('subduksi', 0.6091924905776978), ('refraksi', 0.606981098651886)]"
4,tektonik,"[('patahan', 0.8039283156394958), ('subduksi', 0.7912003993988037), ('lempeng', 0.7438281178474426), ('tektonika', 0.7408828735351562), ('vulkanisme', 0.7399376630783081), ('vulkanik', 0.7333250045776367), ('sesar', 0.7304373979568481), ('gunungapi', 0.7288708090782166), ('seismik', 0.7101988792419434), ('geologis', 0.6806240081787109)]"
4,vulkanisme,"[('vulkanik', 0.7677695751190186), ('tektonik', 0.7399377822875977), ('vulkanis', 0.7279935479164124), ('alterasi', 0.7189160585403442), ('sedimentasi', 0.7090370059013367), ('pengendapan', 0.705014169216156), ('gunungapi', 0.7018644213676453), ('subduksi', 0.6933923959732056), ('rekahan', 0.6931691765785217), ('pelapukan', 0.6929407119750977)]"
4,sesar,"[('patahan', 0.8548002243041992), ('subduksi', 0.7510280609130859), ('tektonik', 0.7304373383522034), ('lempeng', 0.6920987963676453), ('perlapisan', 0.6648420095443726), ('rekahan', 0.6629089713096619), ('retakan', 0.6591022610664368), ('seismik', 0.6467931866645813), ('deformasi', 0.6311411261558533), ('semangko', 0.6194347143173218)]"
4,upwelling,"[('vulkanisme', 0.5820438861846924), ('fluvial', 0.5643628835678101), ('erosi', 0.5518422722816467), ('intrusi', 0.5508975982666016), ('gempabumi', 0.5462217330932617), ('estuari', 0.5445953011512756), ('subduksi', 0.5411044359207153), ('sedimentasi', 0.5390492677688599), ('tektonik', 0.5337954163551331), ('seismik', 0.5308592319488525)]"
4,patahan,"[('sesar', 0.854800283908844), ('subduksi', 0.811022162437439), ('tektonik', 0.8039282560348511), ('retakan', 0.7543928027153015), ('lempeng', 0.7409219145774841), ('perlapisan', 0.7260608673095703), ('gunungapi', 0.7212918400764465), ('rekahan', 0.7200393676757812), ('vulkanik', 0.68558269739151), ('cekungan', 0.671520471572876)]"
4,tersapu,"[('disapu', 0.6915789246559143), ('diterjang', 0.6823347210884094), ('terbawa', 0.6756319999694824), ('menerjang', 0.6448074579238892), ('terhempas', 0.6435374021530151), ('hanyut', 0.6303992867469788), ('dihantam', 0.6253318190574646), ('tertimbun', 0.6157460808753967), ('terendam', 0.6028669476509094), ('menghantam', 0.5973610281944275)]"
4,tertimpa,"[('ditimpa', 0.7146853804588318), ('roboh', 0.7142046689987183), ('menimpa', 0.6880976557731628), ('menimpanya', 0.6831178069114685), ('diterjang', 0.6816258430480957), ('ambruk', 0.6527149677276611), ('tersangkut', 0.646185040473938), ('menabrak', 0.644920289516449), ('terkena', 0.632175862789154), ('terbentur', 0.6319471001625061)]"
4,lantak,"[('diterjang', 0.6670973896980286), ('luluh', 0.6588786840438843), ('tertimpa', 0.5609815716743469), ('tercerai', 0.5563454627990723), ('terjangan', 0.5341881513595581), ('hancur', 0.5332445502281189), ('porandakan', 0.5304332375526428), ('roboh', 0.5291483402252197), ('porak', 0.5256263613700867), ('hanguskan', 0.5252609848976135)]"
4,terhempas,"[('terlempar', 0.7031364440917969), ('terperosok', 0.6890580058097839), ('terjatuh', 0.6684775352478027), ('tersapu', 0.6435373425483704), ('tergelincir', 0.6427769064903259), ('menabrak', 0.6386504173278809), ('menerjang', 0.6370425820350647), ('diterjang', 0.6364015340805054), ('meluncur', 0.6083752512931824), ('ditumpanginya', 0.603198230266571)]"
4,siklon,"[('badai', 0.6814990043640137), ('tropis', 0.6533795595169067), ('taifun', 0.6532625555992126), ('topan', 0.6476064920425415), ('muson', 0.6383529305458069), ('jtwc', 0.6282274127006531), ('hurikan', 0.5935469269752502), ('monsun', 0.5795190334320068), ('subtropis', 0.5730452537536621), ('antisiklon', 0.5460999011993408)]"
4,hurikan,"[('taifun', 0.6468178033828735), ('tornado', 0.6148925423622131), ('siklon', 0.5935469269752502), ('cyclone', 0.5524038672447205), ('flare', 0.5416256785392761), ('hurricane', 0.5378056168556213), ('topan', 0.5376402139663696), ('bombardir', 0.5298952460289001), ('badai', 0.5293518900871277), ('bomb', 0.4976136386394501)]"
4,badai,"[('topan', 0.6982187032699585), ('siklon', 0.6814990043640137), ('taifun', 0.621314525604248), ('kabut', 0.599663496017456), ('ombak', 0.5936086177825928), ('petir', 0.5798951387405396), ('angin', 0.5797923803329468), ('banjir', 0.5553397536277771), ('terjangan', 0.5527578592300415), ('gerimis', 0.5445117950439453)]"
4,topan,"[('badai', 0.6982187032699585), ('siklon', 0.6476065516471863), ('taifun', 0.6187017560005188), ('ribut', 0.5929918885231018), ('katrina', 0.5652000904083252), ('terjangan', 0.5383265018463135), ('hurikan', 0.5376401543617249), ('tofano', 0.5319013595581055), ('tertiup', 0.5291736125946045), ('jtwc', 0.5201417207717896)]"
4,haiyan,"[('taifun', 0.5567342638969421), ('dupo', 0.5329896211624146), ('ferdie', 0.5145174264907837), ('bopha', 0.5133835077285767), ('saipan', 0.5124555230140686), ('ketsana', 0.5091851353645325), ('barrion', 0.5069865584373474), ('pijuan', 0.5055333971977234), ('tamaraw', 0.5052869915962219), ('rehe', 0.5029705762863159)]"
4,tornado,"[('panavia', 0.6715971827507019), ('hurikan', 0.6148926615715027), ('meteor', 0.6035113334655762), ('flare', 0.6021767854690552), ('bomber', 0.601737380027771), ('reconnaissance', 0.5873026847839355), ('gloster', 0.5852323174476624), ('typhoon', 0.5845239162445068), ('javelin', 0.5829017162322998), ('misil', 0.5805706977844238)]"
4,monsun,"[('muson', 0.7199274897575378), ('pancaroba', 0.6998531818389893), ('subtropis', 0.6363868117332458), ('bediding', 0.5924166440963745), ('subartik', 0.5892198085784912), ('penghujan', 0.5856414437294006), ('hujan', 0.5835175514221191), ('tropika', 0.5821573138237), ('siklon', 0.5795189738273621), ('hujannya', 0.5695543885231018)]"
4,tembin,"[('neoguri', 0.610231876373291), ('surges', 0.6001706719398499), ('kukis', 0.562588095664978), ('thinle', 0.5531397461891174), ('glareola', 0.5530946850776672), ('tejeda', 0.5522933602333069), ('subtropical', 0.5513642430305481), ('aliger', 0.5513290762901306), ('germination', 0.5469316244125366), ('blacktail', 0.5468288660049438)]"
5,tumbukan,"[('gesekan', 0.7199206948280334), ('resonansi', 0.7191947102546692), ('deformasi', 0.7156423330307007), ('kondensasi', 0.7008879780769348), ('akresi', 0.6924559473991394), ('tolakan', 0.69098299741745), ('tubrukan', 0.6876526474952698), ('elektrostatik', 0.682667076587677), ('friksi', 0.6716853380203247), ('tarikan', 0.6703040599822998)]"
5,bertabrakan,"[('bertumbukan', 0.7385883927345276), ('bersenggolan', 0.7269391417503357), ('berpapasan', 0.6928364634513855), ('menabrak', 0.6652581095695496), ('bertabrakkan', 0.6625904440879822), ('bentrok', 0.646318256855011), ('tabrakan', 0.6335707306861877), ('berhadapan', 0.6322769522666931), ('berbenturan', 0.6259477138519287), ('bersentuhan', 0.6138963103294373)]"
5,gesekan,"[('friksi', 0.8109227418899536), ('benturan', 0.7735525369644165), ('tarikan', 0.7375136017799377), ('turbulensi', 0.7252699136734009), ('getaran', 0.7227330207824707), ('tumbukan', 0.7199206948280334), ('pemuaian', 0.7116721272468567), ('deformasi', 0.6983174681663513), ('distorsi', 0.6789324283599854), ('tensi', 0.6749935150146484)]"
5,pengeboman,"[('pemboman', 0.8124328255653381), ('penembakan', 0.7014217972755432), ('penyerangan', 0.7001789212226868), ('penyerbuan', 0.6842441558837891), ('peledakan', 0.6712919473648071), ('serangan', 0.6704809665679932), ('pembantaian', 0.6640843749046326), ('bom', 0.6556929349899292), ('penggerebekan', 0.6262103915214539), ('pengepungan', 0.6251875162124634)]"
5,turbulensi,"[('pemuaian', 0.7590596675872803), ('deformasi', 0.7346512079238892), ('gesekan', 0.7252699136734009), ('fluktuasi', 0.7020258903503418), ('pendinginan', 0.701849102973938), ('friksi', 0.6967522501945496), ('penumpukan', 0.6893981695175171), ('vibrasi', 0.6885076761245728), ('statik', 0.6843122243881226), ('eksitasi', 0.6838520169258118)]"
5,perlambatan,"[('lonjakan', 0.710722804069519), ('fluktuasi', 0.69587641954422), ('percepatan', 0.6938104629516602), ('penyusutan', 0.684039831161499), ('turbulensi', 0.6808103322982788), ('deformasi', 0.6662366390228271), ('stagnasi', 0.6577419638633728), ('pemuaian', 0.6512459516525269), ('malafungsi', 0.6431674361228943), ('penurunan', 0.640760600566864)]"
5,melambat,"[('mengecil', 0.6786686778068542), ('menyusut', 0.6778336763381958), ('berkurang', 0.6611897349357605), ('diperlambat', 0.655697226524353), ('menurun', 0.6476033329963684), ('menipis', 0.6410566568374634), ('melemah', 0.6374508142471313), ('berkontraksi', 0.6349798440933228), ('membesar', 0.632659375667572), ('meninggi', 0.6306324601173401)]"
5,kelelahan,"[('stres', 0.7292397022247314), ('kedinginan', 0.7147071361541748), ('kesakitan', 0.7048226594924927), ('muntah', 0.7008365392684937), ('lumpuh', 0.6893928050994873), ('syok', 0.6812649965286255), ('penyakitnya', 0.6795381903648376), ('berkeringat', 0.6769206523895264), ('lelah', 0.6661468744277954), ('mengantuk', 0.6617066264152527)]"
5,anjlok,"[('anjloknya', 0.678012490272522), ('terguling', 0.6542773842811584), ('macet', 0.5780839323997498), ('tergelincir', 0.566036581993103), ('cirahayu', 0.5595481991767883), ('jalurnya', 0.5534293055534363), ('krd', 0.5532708764076233), ('gundih', 0.5531947016716003), ('perlintasan', 0.5516619682312012), ('menikung', 0.5487549304962158)]"
5,tersendat,"[('sendat', 0.6929689049720764), ('tertunda', 0.6627840995788574), ('terhenti', 0.650467038154602), ('terhambat', 0.6304884552955627), ('terkendala', 0.5816230773925781), ('goyah', 0.5707582831382751), ('menganggur', 0.5681352019309998), ('macet', 0.5674574971199036), ('frustasi', 0.5524622797966003), ('membaik', 0.5524352788925171)]"
5,banjirnya,"[('meluapnya', 0.6516577005386353), ('rawapening', 0.608086109161377), ('songhua', 0.6017877459526062), ('vÃ¡h', 0.5967771410942078), ('peluapan', 0.5781612992286682), ('suktimati', 0.5674744844436646), ('meluap', 0.5656721591949463), ('cikandang', 0.5621092319488525), ('luapan', 0.5617483854293823), ('vltava', 0.5610584616661072)]"
5,supervulkan,"[('kaldera', 0.6671513915061951), ('kilauea', 0.6589358448982239), ('nyiragongo', 0.6477152705192566), ('plinian', 0.6236398816108704), ('freatik', 0.6186294555664062), ('subglasial', 0.6118030548095703), ('riolitik', 0.6113823056221008), ('vei', 0.610901415348053), ('sorik', 0.6101963520050049), ('stratovulkan', 0.6041656136512756)]"
5,pinatubo,"[('rushmore', 0.715783953666687), ('rogojembangan', 0.715546190738678), ('elgon', 0.7142077684402466), ('dukono', 0.7101356387138367), ('cikuray', 0.7085003852844238), ('sinabung', 0.7015832662582397), ('bosavi', 0.6996587514877319), ('wurlali', 0.6971102952957153), ('malindang', 0.6962737441062927), ('paektu', 0.687244176864624)]"
5,tertiup,"[('sepoi', 0.7452124953269958), ('anginan', 0.7445310354232788), ('bertiup', 0.7289730310440063), ('ribut', 0.7280840873718262), ('tiupan', 0.713381826877594), ('hembusan', 0.7130002975463867), ('terpaan', 0.7002904415130615), ('kencang', 0.6990616917610168), ('semilir', 0.695960521697998), ('ditiup', 0.6906434893608093)]"
5,sepoi,"[('semilir', 0.7705299258232117), ('anginan', 0.7544295787811279), ('tertiup', 0.7452126145362854), ('windbreak', 0.7013411521911621), ('bertiup', 0.7002535462379456), ('ribut', 0.6836813688278198), ('terpaan', 0.6792373657226562), ('berhembusnya', 0.6779002547264099), ('pasat', 0.6740871071815491), ('perangin', 0.6720070838928223)]"
5,anginan,"[('perangin', 0.7604359984397888), ('sepoi', 0.7544294595718384), ('tertiup', 0.7445310950279236), ('semilir', 0.7232621312141418), ('ribut', 0.6934783458709717), ('terpaan', 0.6667733192443848), ('sakal', 0.6571051478385925), ('hajopan', 0.6553425788879395), ('pengejar', 0.6413418054580688), ('berhembusnya', 0.6380975246429443)]"
5,semilir,"[('sepoi', 0.7705298662185669), ('anginan', 0.7232621908187866), ('tertiup', 0.6959605813026428), ('pasat', 0.6839674711227417), ('windbreak', 0.666634738445282), ('terpaan', 0.6635335683822632), ('fohn', 0.6464734673500061), ('perangin', 0.6462650895118713), ('anemokori', 0.6458529829978943), ('berembus', 0.6448712348937988)]"
5,perangin,"[('anginan', 0.7604359984397888), ('hajopan', 0.6931425333023071), ('tertiup', 0.6891189813613892), ('pengejar', 0.6842882037162781), ('pendjuru', 0.6841582655906677), ('sepoi', 0.6720070242881775), ('berhembusnya', 0.6617066264152527), ('sakal', 0.6603714823722839), ('semilir', 0.6462650299072266), ('embusan', 0.6399815678596497)]"
5,windbreak,"[('sepoi', 0.7013410329818726), ('anemokori', 0.6741597056388855), ('pasat', 0.6702269911766052), ('barap', 0.66840660572052), ('semilir', 0.666634738445282), ('tertiup', 0.6514220237731934), ('anginan', 0.6378637552261353), ('terpaan', 0.6364834308624268), ('perangin', 0.6244571805000305), ('diangin', 0.6141777038574219)]"
5,bertiup,"[('tertiup', 0.7289730310440063), ('berhembus', 0.7182939648628235), ('sepoi', 0.7002534866333008), ('tiupan', 0.6595494747161865), ('angin', 0.6515545845031738), ('hembusan', 0.6401157975196838), ('terpaan', 0.6359031200408936), ('muson', 0.6355375647544861), ('kencang', 0.6275274753570557), ('berangin', 0.6209412813186646)]"
5,hembusan,"[('tiupan', 0.7792137265205383), ('tertiup', 0.7130002975463867), ('kencang', 0.6788657307624817), ('ribut', 0.6637833714485168), ('embusan', 0.6589292883872986), ('ombak', 0.6513598561286926), ('angin', 0.6481773257255554), ('sepoi', 0.6471429467201233), ('bertiup', 0.6401157379150391), ('getaran', 0.63526451587677)]"
5,tiupan,"[('hembusan', 0.7792136669158936), ('ribut', 0.7135622501373291), ('tertiup', 0.713381826877594), ('kencang', 0.7099213600158691), ('ditiup', 0.6806984543800354), ('menderu', 0.6668192744255066), ('bertiup', 0.6595494151115417), ('embusan', 0.6534359455108643), ('sepoi', 0.6510120034217834), ('meniup', 0.6383132934570312)]"
5,tersambar,"[('sambaran', 0.8753736615180969), ('disambar', 0.8599725365638733), ('petir', 0.7328181266784668), ('__', 0.6713325381278992), ('sepandjang', 0.6559123396873474), ('menyambar', 0.6377914547920227), ('kilatan', 0.5892925262451172), ('diterjang', 0.5299057364463806), ('terjangan', 0.5241174697875977), ('tertimpa', 0.5204373598098755)]"
5,disambar,"[('tersambar', 0.8599725961685181), ('sambaran', 0.7716441750526428), ('menyambar', 0.746360182762146), ('petir', 0.7391656041145325), ('sepandjang', 0.6261972784996033), ('tertusuk', 0.5996869802474976), ('__', 0.5810648798942566), ('bagaikan', 0.5796173214912415), ('kilatan', 0.577944815158844), ('mengamuk', 0.553918182849884)]"
5,petir,"[('sambaran', 0.755416989326477), ('disambar', 0.7391656041145325), ('tersambar', 0.7328181862831116), ('kilatan', 0.6568394303321838), ('menyambar', 0.6452578902244568), ('kilat', 0.6238946914672852), ('sepandjang', 0.5973307490348816), ('halilintar', 0.5880686044692993), ('badai', 0.5798951387405396), ('percikan', 0.5750337243080139)]"
5,kilat,"[('petir', 0.6238946914672852), ('kilatan', 0.6168752908706665), ('sambaran', 0.5515700578689575), ('menyambar', 0.5458692908287048), ('alarm', 0.5453624129295349), ('disambar', 0.5198979377746582), ('senter', 0.512406587600708), ('tiupan', 0.49928945302963257), ('meniup', 0.49221640825271606), ('halilintar', 0.492019921541214)]"
5,kegempaan,"[('seismik', 0.6761621236801147), ('klimatologi', 0.6635183691978455), ('vulkanisme', 0.6130883097648621), ('geomorfologi', 0.608535647392273), ('seismologi', 0.6077632308006287), ('tektonik', 0.5981336236000061), ('geofisika', 0.5947346687316895), ('vulkanologi', 0.5861935019493103), ('geodesi', 0.5812544822692871), ('stratigrafi', 0.5752860307693481)]"
5,geologis,"[('geologi', 0.7454507350921631), ('stratigrafi', 0.7418567538261414), ('geomorfologi', 0.7381619811058044), ('tektonik', 0.6806240081787109), ('astronomis', 0.67093825340271), ('topografis', 0.656305193901062), ('endogenik', 0.6524644494056702), ('morfologis', 0.6487898230552673), ('alamiah', 0.6277225613594055), ('topografi', 0.6274070739746094)]"
5,pemetaan,"[('pemantauan', 0.7041338682174683), ('pemodelan', 0.6861975789070129), ('geodesi', 0.6667836904525757), ('pelacakan', 0.6657655239105225), ('analisis', 0.6385291814804077), ('pengukuran', 0.6376830339431763), ('visualisasi', 0.6376361846923828), ('pendataan', 0.6368955373764038), ('analisa', 0.6253257989883423), ('observasi', 0.6244274973869324)]"
5,geodetik,"[('astrometri', 0.623206615447998), ('angular', 0.6182321310043335), ('seismik', 0.6156283617019653), ('geodesi', 0.6143917441368103), ('stokastik', 0.6095855832099915), ('paralaks', 0.6093568801879883), ('astronomis', 0.6068090200424194), ('cartesius', 0.6062280535697937), ('spasial', 0.6047816872596741), ('stratigrafi', 0.6036913394927979)]"
5,subduksi,"[('patahan', 0.8110222220420837), ('tektonik', 0.791200578212738), ('penunjaman', 0.7893481254577637), ('sesar', 0.7510281801223755), ('lempeng', 0.715758204460144), ('vulkanisme', 0.6933923959732056), ('perlapisan', 0.6671903133392334), ('palung', 0.6460629105567932), ('gunungapi', 0.6379669308662415), ('deformasi', 0.6322654485702515)]"
5,refraksi,"[('pembiasan', 0.803983747959137), ('polarisasi', 0.7874535322189331), ('aberasi', 0.7735206484794617), ('difraksi', 0.7679966688156128), ('pemantulan', 0.7561699748039246), ('hamburan', 0.7542353868484497), ('vibrasi', 0.7179383635520935), ('absorpsi', 0.7156309485435486), ('regangan', 0.7110230922698975), ('amplitudo', 0.699221134185791)]"
5,lempeng,"[('tektonik', 0.7438281774520874), ('patahan', 0.7409218549728394), ('subduksi', 0.715758204460144), ('sesar', 0.69209885597229), ('kerak', 0.6321026086807251), ('cekungan', 0.6190691590309143), ('menunjam', 0.6188631653785706), ('tektonika', 0.615816593170166), ('palung', 0.6071714162826538), ('litosfer', 0.6062889695167542)]"
5,tektonika,"[('tektonik', 0.7408828735351562), ('petrologi', 0.6712222099304199), ('sedimentologi', 0.6582474112510681), ('vulkanologi', 0.626602828502655), ('subduksi', 0.6171079277992249), ('lempeng', 0.6158165335655212), ('geomorfologi', 0.5967154502868652), ('geologi', 0.5930749773979187), ('nazca', 0.5923321843147278), ('glasiologi', 0.5847485661506653)]"
5,semangko,"[('patahan', 0.6497962474822998), ('gunungapi', 0.6462157368659973), ('sesar', 0.6194347739219666), ('tektonik', 0.6124250292778015), ('volkanik', 0.6039118766784668), ('subduction', 0.6036509275436401), ('antiklinorium', 0.5940840244293213), ('breksi', 0.5859377980232239), ('solfatara', 0.5815473794937134), ('orogenik', 0.5798346996307373)]"
5,fluvial,"[('endoreik', 0.6445087790489197), ('titicaca', 0.6406491994857788), ('songhua', 0.6372584104537964), ('estuaria', 0.6294872164726257), ('vÃ¡h', 0.6285544037818909), ('itzÃ¡', 0.6255834102630615), ('playa', 0.6253652572631836), ('bÃ­o', 0.6253362894058228), ('baikal', 0.6237634420394897), ('douro', 0.6225967407226562)]"
5,estuari,"[('estuaria', 0.6454052329063416), ('basin', 0.6236721873283386), ('gletser', 0.6157160401344299), ('aluvial', 0.6052828431129456), ('fluvial', 0.604996383190155), ('endoreik', 0.5849367380142212), ('glasier', 0.584739625453949), ('meander', 0.5841379761695862), ('akuifer', 0.5745746493339539), ('sedimen', 0.5744656324386597)]"
5,terbawa,"[('terseret', 0.7843582034111023), ('tersedot', 0.7243877053260803), ('hanyut', 0.7132983803749084), ('dihanyutkan', 0.6883851885795593), ('tersapu', 0.6756319999694824), ('tertahan', 0.6597035527229309), ('diseret', 0.6584296822547913), ('terhanyut', 0.6478477120399475), ('terlempar', 0.6434391736984253), ('dipompa', 0.6412829160690308)]"
5,tersangkut,"[('tertusuk', 0.7295277714729309), ('tersandung', 0.7185240983963013), ('terjatuh', 0.6918222904205322), ('tertimpa', 0.6461849808692932), ('robek', 0.6458700895309448), ('tertancap', 0.6457576751708984), ('merobek', 0.644894540309906), ('menggigit', 0.6341208815574646), ('terjerat', 0.631100594997406), ('menabrak', 0.6307029128074646)]"
5,luluh,"[('lantak', 0.658878743648529), ('remuk', 0.6288946270942688), ('kepanasan', 0.596440851688385), ('panik', 0.5963831543922424), ('sakitnya', 0.5962697267532349), ('berantakan', 0.587449312210083), ('gundah', 0.5834712386131287), ('cemburu', 0.5808932185173035), ('bersedih', 0.578050434589386), ('ulah', 0.5774427652359009)]"
5,tropis,"[('subtropis', 0.8166507482528687), ('tropika', 0.7826213836669922), ('beriklim', 0.7146916389465332), ('tropik', 0.701889157295227), ('sabana', 0.6654579043388367), ('iklim', 0.6634811162948608), ('vegetasi', 0.6536781787872314), ('siklon', 0.653379499912262), ('endemik', 0.6273098587989807), ('ekoregion', 0.617087185382843)]"
5,muson,"[('monsun', 0.7199274301528931), ('pancaroba', 0.6519752740859985), ('siklon', 0.6383528113365173), ('bertiup', 0.6355374455451965), ('tropis', 0.6134158968925476), ('beriklim', 0.5990304350852966), ('subtropis', 0.5962973237037659), ('sepoi', 0.5841566324234009), ('iklim', 0.5829081535339355), ('berhembus', 0.5777009129524231)]"
5,jtwc,"[('jma', 0.6529819965362549), ('siklon', 0.6282274127006531), ('pagasa', 0.5783379673957825), ('badai', 0.5410565733909607), ('topan', 0.5201417207717896), ('khanun', 0.5193498134613037), ('bopha', 0.4813762307167053), ('taifun', 0.4721324145793915), ('antisiklon', 0.4558578133583069), ('ferdie', 0.4541606903076172)]"
5,subtropis,"[('tropis', 0.8166508078575134), ('tropika', 0.8097780346870422), ('beriklim', 0.766725480556488), ('sabana', 0.7387279272079468), ('tropik', 0.717621922492981), ('subtropika', 0.7070604562759399), ('vegetasi', 0.6848284006118774), ('berhutan', 0.6468565464019775), ('savana', 0.6467059850692749), ('boreal', 0.6400254964828491)]"
5,antisiklon,"[('siklon', 0.546099841594696), ('arktik', 0.5291444659233093), ('basin', 0.5223064422607422), ('baikal', 0.5088096261024475), ('artik', 0.5064525008201599), ('tundra', 0.5058149695396423), ('arktika', 0.49887654185295105), ('harengus', 0.4969364106655121), ('fjord', 0.49523985385894775), ('taifun', 0.4938931167125702)]"
5,cyclone,"[('flare', 0.6739048361778259), ('javelin', 0.6500282883644104), ('trigger', 0.6382228136062622), ('hurricane', 0.6358782649040222), ('beam', 0.6353845596313477), ('supersonic', 0.6315774321556091), ('overdrive', 0.6291663646697998), ('tow', 0.6253618597984314), ('blast', 0.6253337264060974), ('clutch', 0.6243894100189209)]"
5,flare,"[('beam', 0.745951235294342), ('detector', 0.7144178748130798), ('burst', 0.6761410236358643), ('blast', 0.6748205423355103), ('laser', 0.6744813919067383), ('cyclone', 0.6739048361778259), ('thermal', 0.673843502998352), ('magnetic', 0.6725417971611023), ('vortex', 0.6700035333633423), ('booster', 0.6626352071762085)]"
5,hurricane,"[('chouninpuu', 0.7232323884963989), ('chameleon', 0.7020848989486694), ('gokai', 0.6985976099967957), ('thunder', 0.6882628202438354), ('crusher', 0.6721910238265991), ('zord', 0.6701874732971191), ('captor', 0.6668462157249451), ('valkyrie', 0.6622623205184937), ('claw', 0.6591858267784119), ('blaze', 0.6577476859092712)]"
5,kabut,"[('embun', 0.6724770665168762), ('asap', 0.6691620349884033), ('berkabut', 0.6609141230583191), ('awan', 0.6301626563072205), ('debu', 0.6262362599372864), ('mengepul', 0.6034038066864014), ('badai', 0.5996635556221008), ('gerimis', 0.5958610773086548), ('salju', 0.5925914645195007), ('kepulan', 0.5801013112068176)]"
5,ombak,"[('ombaknya', 0.6891409754753113), ('hembusan', 0.6513599157333374), ('angin', 0.6164537072181702), ('ribut', 0.5983583927154541), ('badai', 0.5936086177825928), ('kencang', 0.5824063420295715), ('menerjang', 0.5819390416145325), ('abrasi', 0.5764819383621216), ('bebatuan', 0.5758639574050903), ('arusnya', 0.5754764676094055)]"
5,angin,"[('bertiup', 0.6515546441078186), ('hembusan', 0.6481773257255554), ('tertiup', 0.6326693892478943), ('sepoi', 0.6314693689346313), ('tiupan', 0.6196082234382629), ('ombak', 0.6164537072181702), ('terpaan', 0.5800210237503052), ('badai', 0.5797923803329468), ('ribut', 0.5766053199768066), ('kencang', 0.5763346552848816)]"
5,gerimis,"[('embun', 0.6755208969116211), ('rintik', 0.6620927453041077), ('senandung', 0.641735851764679), ('deru', 0.6260706186294556), ('senyummu', 0.6208428740501404), ('tangis', 0.6186984181404114), ('prahara', 0.6093974113464355), ('jantungku', 0.6026380062103271), ('jeritan', 0.5992236733436584), ('yockie', 0.5964720249176025)]"
5,katrina,"[('kaif', 0.6578125953674316), ('nargis', 0.5974059700965881), ('trisha', 0.592798113822937), ('dutta', 0.5802083611488342), ('ranaut', 0.579712450504303), ('priyanka', 0.5773522853851318), ('kidnap', 0.5755802989006042), ('kangana', 0.5726542472839355), ('bhola', 0.5700321793556213), ('ayesha', 0.5686737298965454)]"
5,tofano,"[('rafid', 0.6405004262924194), ('umay', 0.533824622631073), ('jflow', 0.5336759090423584), ('topan', 0.5319013595581055), ('zarro', 0.5179564952850342), ('fairuz', 0.5171627998352051), ('zakia', 0.5030192136764526), ('yunita', 0.5000394582748413), ('soulvibe', 0.4998365640640259), ('atilia', 0.49812477827072144)]"
5,meteor,"[('meteorit', 0.6174185276031494), ('tornado', 0.6035112738609314), ('flare', 0.5779021382331848), ('meteoroid', 0.5692672729492188), ('debu', 0.5670306086540222), ('tubrukan', 0.5562999248504639), ('voyager', 0.5562736392021179), ('petir', 0.5539425015449524), ('supernova', 0.5533239841461182), ('komet', 0.5489527583122253)]"
5,reconnaissance,"[('uav', 0.8194239735603333), ('airborne', 0.803611695766449), ('tactical', 0.7861859798431396), ('helicopter', 0.7704434990882874), ('orbiter', 0.7677744626998901), ('usaf', 0.7587035894393921), ('unmanned', 0.7586234211921692), ('manned', 0.756616473197937), ('stol', 0.7558813691139221), ('missiles', 0.7480954527854919)]"
5,gloster,"[('interceptor', 0.745934009552002), ('uav', 0.73068767786026), ('spitfire', 0.7253836989402771), ('javelin', 0.7236146926879883), ('vtol', 0.7165408134460449), ('supermarine', 0.7134957313537598), ('awacs', 0.695439338684082), ('grumman', 0.690975546836853), ('bomber', 0.6847800612449646), ('xf', 0.684108555316925)]"
5,typhoon,"[('eurofighter', 0.8374340534210205), ('javelin', 0.7348883748054504), ('gripen', 0.7216824889183044), ('stealth', 0.717391848564148), ('supersonic', 0.7132905125617981), ('helicopter', 0.709531307220459), ('vtol', 0.7089701294898987), ('bomber', 0.7071232795715332), ('interceptor', 0.7014866471290588), ('tactical', 0.694986879825592)]"
5,javelin,"[('bqm', 0.7979046702384949), ('rgm', 0.7897907495498657), ('launcher', 0.7888577580451965), ('aqm', 0.7830078601837158), ('agm', 0.778026819229126), ('mqm', 0.7740145325660706), ('stealth', 0.7739076614379883), ('futuristic', 0.773338258266449), ('vtol', 0.7715051174163818), ('xf', 0.7697501182556152)]"
5,pancaroba,"[('penghujan', 0.7521874904632568), ('bediding', 0.7438511252403259), ('marÃ¨ng', 0.7144948244094849), ('monsun', 0.6998531818389893), ('paceklik', 0.6676733493804932), ('kemarau', 0.667197585105896), ('muson', 0.6519753336906433), ('dinginnya', 0.6423000693321228), ('berpijah', 0.6167659163475037), ('episiode', 0.5842586159706116)]"
5,bediding,"[('pancaroba', 0.7438511252403259), ('paceklik', 0.659781277179718), ('penghujan', 0.6551778316497803), ('dinginnya', 0.6039039492607117), ('terkelam', 0.6003333926200867), ('monsun', 0.5924166440963745), ('fifajuara', 0.5813007354736328), ('usum', 0.5717453956604004), ('panasnya', 0.5561667680740356), ('kemarau', 0.5547603964805603)]"
5,subartik,"[('subarktik', 0.739077627658844), ('dadohae', 0.7128132581710815), ('boreal', 0.6850403547286987), ('karjala', 0.6837376356124878), ('koppen', 0.6796103119850159), ('lapponica', 0.6779206395149231), ('glareola', 0.6777345538139343), ('pÃ¤ijÃ¤nne', 0.6735965609550476), ('ugahari', 0.6711093187332153), ('sey_isfjÃ¶r_ur', 0.6707271337509155)]"
5,penghujan,"[('kemarau', 0.862453818321228), ('pancaroba', 0.7521874904632568), ('dinginnya', 0.7087028622627258), ('bediding', 0.6551778316497803), ('panasnya', 0.6497403383255005), ('dingin', 0.6495732069015503), ('panas', 0.6478732228279114), ('hujan', 0.6400395035743713), ('episiode', 0.6330248117446899), ('berpijah', 0.6197661757469177)]"
5,hujan,"[('hujannya', 0.6998839974403381), ('kemarau', 0.6474666595458984), ('penghujan', 0.6400395035743713), ('lebat', 0.6184055805206299), ('berangin', 0.5919023156166077), ('deras', 0.5868293642997742), ('panasnya', 0.5864198207855225), ('salju', 0.584480881690979), ('monsun', 0.5835174918174744), ('kering', 0.5770025849342346)]"
5,tropika,"[('subtropis', 0.8097779154777527), ('tropis', 0.7826213836669922), ('tropik', 0.7819549441337585), ('subtropika', 0.7473819255828857), ('beriklim', 0.7110940217971802), ('malesia', 0.7048085927963257), ('sabana', 0.7018532752990723), ('bioma', 0.6783514618873596), ('vegetasi', 0.6637737154960632), ('berhutan', 0.6531997323036194)]"
5,hujannya,"[('hujan', 0.6998839974403381), ('curah', 0.643262505531311), ('monsun', 0.5695543885231018), ('berangin', 0.5617966055870056), ('terkering', 0.5612502098083496), ('muson', 0.5527341961860657), ('kelembapan', 0.5512539744377136), ('bersuhu', 0.5360605120658875), ('presipitasi', 0.5347976684570312), ('panasnya', 0.5301574468612671)]"
6,lebat,"[('deras', 0.7031073570251465), ('rimbun', 0.6983609795570374), ('berhutan', 0.6811872720718384), ('berkabut', 0.6786505579948425), ('pepohonan', 0.664228618144989), ('berangin', 0.6562924981117249), ('terjal', 0.6468104124069214), ('curam', 0.6401805281639099), ('rindang', 0.6398650407791138), ('belukar', 0.6349015831947327)]"
6,kencang,"[('ribut', 0.718183696269989), ('tiupan', 0.7099213600158691), ('tertiup', 0.6990615725517273), ('hembusan', 0.6788656711578369), ('deras', 0.6756207346916199), ('kencangnya', 0.6656395792961121), ('bertiup', 0.6275274157524109), ('bergoyang', 0.6116040945053101), ('meninggi', 0.6082124710083008), ('berisik', 0.6078440546989441)]"
6,mengguyur,"[('diguyur', 0.7193148732185364), ('rintik', 0.6396179795265198), ('deras', 0.6253611445426941), ('membasahi', 0.6183457374572754), ('tadah', 0.5672637820243835), ('guyuran', 0.561329185962677), ('menggenangi', 0.5611324906349182), ('hujan', 0.5592511296272278), ('kuyup', 0.5493563413619995), ('lebat', 0.5300227999687195)]"
6,terjal,"[('curam', 0.905816912651062), ('landai', 0.8270167708396912), ('berbukit', 0.7744620442390442), ('berbatu', 0.7487195730209351), ('berkelok', 0.7100913524627686), ('kelok', 0.700262725353241), ('bergunung', 0.6896354556083679), ('bergelombang', 0.6892483830451965), ('sempit', 0.6875477433204651), ('tanjakan', 0.6802825927734375)]"
6,bertanah,"[('tergenang', 0.6792894005775452), ('digenangi', 0.5790244340896606), ('genangan', 0.5744332671165466), ('keruh', 0.5721526145935059), ('berlahan', 0.5352013111114502), ('disirami', 0.532744288444519), ('terendam', 0.5257527232170105), ('payau', 0.5179440379142761), ('fluoridasi', 0.5172297954559326), ('rendaman', 0.515545666217804)]"
6,dibanjiri,"[('diambilalih', 0.6754529476165771), ('dimasuki', 0.6718395948410034), ('dibangunkan', 0.6608403921127319), ('diprotes', 0.659440279006958), ('dinodai', 0.6545474529266357), ('didekati', 0.6534302830696106), ('disuplai', 0.651611864566803), ('dikejutkan', 0.6493861079216003), ('dipadati', 0.6488541960716248), ('direspon', 0.6457422375679016)]"
6,menimbun,"[('menumpuk', 0.6630570292472839), ('membudidayakan', 0.6340436339378357), ('mengeringkan', 0.6273388862609863), ('merampas', 0.6194340586662292), ('membanjiri', 0.6192699670791626), ('membakar', 0.6156217455863953), ('mencemari', 0.6103196740150452), ('memusnahkan', 0.6042588949203491), ('menebang', 0.6015523076057434), ('meratakan', 0.5908694267272949)]"
6,tercebur,"[('dihanyutkan', 0.7648686766624451), ('diceburkan', 0.7257519960403442), ('mencebur', 0.6883811354637146), ('hanyut', 0.679645299911499), ('terperosok', 0.6675031781196594), ('melemparkannya', 0.6484736800193787), ('bermuara', 0.6443084478378296), ('menyebrang', 0.6350206732749939), ('dilarung', 0.6241520047187805), ('membuangnya', 0.61913001537323)]"
6,menghanyutkan,"[('dihanyutkan', 0.6901121139526367), ('hanyut', 0.6754301190376282), ('ditepi', 0.6036656498908997), ('menyebrangi', 0.589891791343689), ('menyeberangi', 0.563657820224762), ('menyusuri', 0.5635439157485962), ('tercebur', 0.5633353590965271), ('terhanyut', 0.5602265000343323), ('menenggelamkan', 0.5589255690574646), ('mendayung', 0.5572476387023926)]"
6,terhanyut,"[('hanyut', 0.6578406691551208), ('terbawa', 0.6478476524353027), ('tercebur', 0.6190882921218872), ('dihanyutkan', 0.618401288986206), ('terseret', 0.6117203235626221), ('meluap', 0.5725999474525452), ('terperosok', 0.5725607872009277), ('tersesat', 0.5614193081855774), ('menghanyutkan', 0.5602264404296875), ('terhempas', 0.5509968996047974)]"
6,terseret,"[('terbawa', 0.7843582630157471), ('terperosok', 0.703700602054596), ('terjerumus', 0.6785655617713928), ('menyeret', 0.6601452827453613), ('hanyut', 0.6481181383132935), ('terlempar', 0.6463280916213989), ('terjebak', 0.6365554332733154), ('menjerumuskan', 0.618695855140686), ('terhanyut', 0.6117204427719116), ('diseret', 0.6107707619667053)]"
6,diporak,"[('dinodai', 0.6980887651443481), ('dihasut', 0.6875359416007996), ('dikomando', 0.6824990510940552), ('diinvasi', 0.6580596566200256), ('diperdaya', 0.6574018597602844), ('dicegat', 0.6540958881378174), ('kohta', 0.653095006942749), ('dilemahkan', 0.6503787040710449), ('dilerai', 0.6447553634643555), ('diislamkan', 0.641682505607605)]"
6,ditumpas,"[('dipadamkan', 0.865058183670044), ('diredam', 0.8370136618614197), ('dipatahkan', 0.8332371711730957), ('dihalau', 0.8223131895065308), ('dilumpuhkan', 0.8153946995735168), ('diredakan', 0.8127054572105408), ('dihabisi', 0.8061836361885071), ('digagalkan', 0.7903579473495483), ('ditundukkan', 0.7762346267700195), ('ditewaskan', 0.7597514390945435)]"
6,terkepung,"[('dikepung', 0.7924388647079468), ('mengepung', 0.7368195056915283), ('dibombardir', 0.6871114373207092), ('menyerbu', 0.675474226474762), ('terdesak', 0.6700701117515564), ('ditembaki', 0.6545543074607849), ('dihadang', 0.650932788848877), ('diserang', 0.6405251622200012), ('diserbu', 0.6394574046134949), ('menggempur', 0.6347470283508301)]"
6,merosot,"[('menurun', 0.8306978940963745), ('meningkat', 0.7812463641166687), ('menyusut', 0.7810963988304138), ('berkurang', 0.7751201391220093), ('melemah', 0.7644637823104858), ('melonjak', 0.7543813586235046), ('memudar', 0.7212735414505005), ('membaik', 0.7061866521835327), ('bertambah', 0.6997028589248657), ('menguat', 0.6977394223213196)]"
6,meluas,"[('menyebar', 0.7236552834510803), ('merebak', 0.7123655676841736), ('bergeser', 0.6413691639900208), ('berkembang', 0.616618812084198), ('melemah', 0.6129875779151917), ('melebar', 0.6081847548484802), ('merosot', 0.6016659736633301), ('meningkat', 0.5993257164955139), ('menguat', 0.5895719528198242), ('berkurang', 0.5890082716941833)]"
6,merajalela,"[('merebak', 0.6984473466873169), ('marak', 0.6555494070053101), ('merajarela', 0.6173378229141235), ('meresahkan', 0.6168215274810791), ('memanas', 0.6165186166763306), ('bergejolak', 0.6158384680747986), ('dilanda', 0.6092811822891235), ('maraknya', 0.6043533682823181), ('memperparah', 0.5963675379753113), ('menguat', 0.5942060947418213)]"
6,bermunculan,"[('menjamur', 0.737553060054779), ('merebak', 0.6628000140190125), ('berdatangan', 0.6373159885406494), ('menggeliat', 0.6198108196258545), ('muncul', 0.6021638512611389), ('berkembang', 0.5953149795532227), ('marak', 0.5936618447303772), ('memudar', 0.5895168781280518), ('memunculkan', 0.5855160355567932), ('beredar', 0.5597834587097168)]"
6,episenternya,"[('zhaotong', 0.679698646068573), ('pyzdry', 0.6621497869491577), ('kodari', 0.661565899848938), ('r_d_u_i', 0.6517989635467529), ('pirkanmaa', 0.6433147192001343), ('vrancea', 0.6413222551345825), ('trat', 0.637703537940979), ('himi', 0.6354698538780212), ('mic_', 0.632416844367981), ('takahagi', 0.6323697566986084)]"
6,hiposentrum,"[('episentrum', 0.6966758966445923), ('episenter', 0.5946922898292542), ('episenternya', 0.5768930315971375), ('zhaotong', 0.5768108367919922), ('terjauhnya', 0.5718479156494141), ('longueau', 0.5484563112258911), ('hiposenter', 0.5438074469566345), ('tumaco', 0.5426362156867981), ('getarannya', 0.5414921641349792), ('lupeni', 0.5402156114578247)]"
6,shakemap,"[('zhaotong', 0.5933803915977478), ('meramon', 0.5490335822105408), ('episentrum', 0.5475162267684937), ('transiting', 0.5447216033935547), ('beichuan', 0.5384729504585266), ('tianning', 0.5345568060874939), ('illapel', 0.5284301042556763), ('episenter', 0.527453601360321), ('earthquake', 0.5263354182243347), ('quirigua', 0.5237961411476135)]"
6,episentrumnya,"[('episentrum', 0.544736385345459), ('diketinggian', 0.5302029848098755), ('episenter', 0.5122939348220825), ('palung', 0.4733473062515259), ('disekitar', 0.4604197144508362), ('paynesville', 0.44837093353271484), ('selatannya', 0.4425963759422302), ('utaranya', 0.43999654054641724), ('lereng', 0.43757879734039307), ('pengunungan', 0.43458425998687744)]"
6,bioremediasi,"[('fitoremediasi', 0.7168881893157959), ('ekstraksi', 0.6516880989074707), ('remediasi', 0.6490192413330078), ('aseptik', 0.6417568325996399), ('mikrobial', 0.6417397856712341), ('anaerobik', 0.6415040493011475), ('mikroba', 0.6365808248519897), ('pengomposan', 0.6326857209205627), ('penyemprotan', 0.6294149160385132), ('pelapukan', 0.6239975690841675)]"
6,agroklimatologi,"[('rangkileh', 0.7597394585609436), ('complanata', 0.7587599158287048), ('agrometeorologi', 0.7566673159599304), ('iberis', 0.7551272511482239), ('viette', 0.7531532049179077), ('minutum', 0.7516098618507385), ('fortunei', 0.7491852045059204), ('_______', 0.7485436201095581), ('trichocarpa', 0.7460482716560364), ('pusillum', 0.7458289861679077)]"
6,riparian,"[('boreal', 0.6543487310409546), ('bentik', 0.6420723795890808), ('bioma', 0.6207792162895203), ('tropika', 0.6203919649124146), ('alpin', 0.6165657043457031), ('montane', 0.6091817617416382), ('intertidal', 0.6001157760620117), ('berhutan', 0.5980985760688782), ('vegetasi', 0.5883722901344299), ('sabana', 0.5878087878227234)]"
6,vegetasi,"[('tutupan', 0.7752377390861511), ('rerumputan', 0.7209401726722717), ('pepohonan', 0.7203081250190735), ('habitat', 0.7061750888824463), ('tegakan', 0.7060984969139099), ('bakau', 0.7054993510246277), ('bioma', 0.7054158449172974), ('tetumbuhan', 0.7047937512397766), ('ekosistem', 0.7020747065544128), ('gambut', 0.6989312171936035)]"
6,tutupan,"[('vegetasi', 0.7752376794815063), ('gambut', 0.6736512184143066), ('bakau', 0.6535825133323669), ('terumbu', 0.63900226354599), ('tegakan', 0.6295976638793945), ('berpasir', 0.6260603666305542), ('berlumpur', 0.619553804397583), ('berbatu', 0.6138015985488892), ('habitat', 0.613623321056366), ('mangrove', 0.612571656703949)]"
6,bakau,"[('mangrove', 0.8148611187934875), ('pinus', 0.7434715032577515), ('casuarina', 0.7287537455558777), ('belukar', 0.709054708480835), ('vegetasi', 0.7054993510246277), ('tusam', 0.7036625742912292), ('eucalyptus', 0.7034735679626465), ('rhizophora', 0.7003790736198425), ('nypa', 0.696641206741333), ('araucaria', 0.6964070200920105)]"
6,humus,"[('organosol', 0.7940975427627563), ('lempung', 0.7785730361938477), ('andosol', 0.7652665376663208), ('gembur', 0.7608535289764404), ('regosol', 0.7563061714172363), ('alluvial', 0.7305746674537659), ('latosol', 0.7294527888298035), ('litosol', 0.7282971143722534), ('aluvial', 0.718956470489502), ('podsolik', 0.70369952917099)]"
6,tegakan,"[('vegetasi', 0.7060984969139099), ('pinus', 0.6546854972839355), ('gambut', 0.6487842202186584), ('rimpang', 0.6416149735450745), ('anakan', 0.635877788066864), ('tetumbuhan', 0.6321060061454773), ('tutupan', 0.6295976042747498), ('konifer', 0.6270443797111511), ('bakau', 0.6267897486686707), ('berkayu', 0.6212502121925354)]"
6,fragmentasi,"[('pembusukan', 0.7071516513824463), ('proliferasi', 0.6786845326423645), ('penumpukan', 0.6752034425735474), ('penghambatan', 0.6700477600097656), ('penyusutan', 0.6699713468551636), ('dekomposisi', 0.6528621912002563), ('rekombinasi', 0.6519388556480408), ('kontaminasi', 0.6506315469741821), ('diferensiasi', 0.645573616027832), ('penipisan', 0.645054042339325)]"
6,aerasi,"[('filtrasi', 0.7145912647247314), ('keasaman', 0.7116761207580566), ('evaporasi', 0.7050166726112366), ('bioreaktor', 0.6911939978599548), ('penguapan', 0.6856054067611694), ('permeabilitas', 0.6792842745780945), ('pelumasan', 0.6730267405509949), ('kelembaban', 0.6660675406455994), ('transpirasi', 0.6655408143997192), ('kelembapan', 0.6639328002929688)]"
6,pelepasan,"[('penyerapan', 0.6779136061668396), ('pembusukan', 0.6534627676010132), ('dekomposisi', 0.6448212265968323), ('penguraian', 0.6328577995300293), ('penumpukan', 0.6269399523735046), ('pembekuan', 0.6246078014373779), ('kontraksi', 0.620435357093811), ('aktivasi', 0.619954526424408), ('pelarutan', 0.6170842051506042), ('penguapan', 0.6108608245849609)]"
6,perkecambahan,"[('dormansi', 0.750966489315033), ('transpirasi', 0.7502624988555908), ('pembungaan', 0.722516655921936), ('fagositosis', 0.7055416703224182), ('gutasi', 0.6969358325004578), ('pematangan', 0.6866404414176941), ('vegetatif', 0.6835483312606812), ('perbanyakan', 0.675977349281311), ('germinasi', 0.6709491610527039), ('kinoa', 0.6653368473052979)]"
6,gutasi,"[('transpirasi', 0.7401710152626038), ('perkecambahan', 0.696935772895813), ('aflatoksin', 0.6682475209236145), ('kemotaksis', 0.6621312499046326), ('estron', 0.6581528186798096), ('niktinasti', 0.6544615030288696), ('perfringens', 0.654401957988739), ('acth', 0.6526725888252258), ('dislipidemia', 0.6508526802062988), ('erwinia', 0.6493971943855286)]"
6,fotosintesis,"[('respirasi', 0.7913169860839844), ('kemosintesis', 0.7570566534996033), ('metabolisme', 0.7523320913314819), ('anaerobik', 0.7358531355857849), ('hidrolisis', 0.7323994040489197), ('fiksasi', 0.7281602025032043), ('dekomposisi', 0.7237563729286194), ('klorofil', 0.7176349759101868), ('metabolismenya', 0.7161424160003662), ('fosforilasi', 0.7154860496520996)]"
6,respirasi,"[('ekskresi', 0.8176128268241882), ('fotosintesis', 0.7913168668746948), ('metabolisme', 0.7897742390632629), ('anaerobik', 0.7694460153579712), ('progesteron', 0.7463685274124146), ('glikolisis', 0.7463061213493347), ('fagositosis', 0.7420176863670349), ('biosintesis', 0.7418500781059265), ('fosforilasi', 0.738444447517395), ('motilitas', 0.735919713973999)]"
6,oksidatif,"[('fosforilasi', 0.8327352404594421), ('enzimatik', 0.8181225657463074), ('katabolisme', 0.8044108152389526), ('prostaglandin', 0.8000718951225281), ('oksidase', 0.7990931868553162), ('dopamin', 0.7847760319709778), ('pepsin', 0.7841460704803467), ('inhibitor', 0.7822893261909485), ('metabolik', 0.7793275713920593), ('metilasi', 0.7787473201751709)]"
6,bikarbonat,"[('sodium', 0.8624916076660156), ('hipoklorit', 0.8517891764640808), ('fluorida', 0.8426030278205872), ('hcl', 0.8344796299934387), ('naoh', 0.8332963585853577), ('nacl', 0.8328767418861389), ('tiosulfat', 0.8288755416870117), ('hidroksida', 0.8257099986076355), ('kalium', 0.8236352801322937), ('amonium', 0.8233423233032227)]"
6,hidroksida,"[('amonium', 0.8793855905532837), ('sulfat', 0.8758208155632019), ('natrium', 0.8705939054489136), ('klorida', 0.8677070140838623), ('fluorida', 0.8651177883148193), ('iodida', 0.8644401431083679), ('karbonat', 0.8559839725494385), ('naoh', 0.8508027195930481), ('hcl', 0.8487256169319153), ('klor', 0.8484430313110352)]"
6,hipoklorit,"[('sodium', 0.861666202545166), ('bikarbonat', 0.851789116859436), ('aseton', 0.8491747975349426), ('hcl', 0.8397319316864014), ('dikromat', 0.8389198780059814), ('oksalat', 0.838621973991394), ('dimetil', 0.8373137712478638), ('sulfat', 0.8358360528945923), ('kromat', 0.8337510228157043), ('bromin', 0.831994354724884)]"
6,etilena,"[('glikol', 0.9109248518943787), ('dimetil', 0.9028728008270264), ('aseton', 0.8921678066253662), ('etilen', 0.8859708905220032), ('toluena', 0.8832929730415344), ('hidrogenasi', 0.8823192119598389), ('anhidrida', 0.8729636669158936), ('butil', 0.8639286756515503), ('etil', 0.8636629581451416), ('metanol', 0.8622300624847412)]"
6,anhidrat,"[('sulfida', 0.863637387752533), ('amonium', 0.8502596020698547), ('sulfat', 0.8496757745742798), ('fluorida', 0.8488343954086304), ('klorida', 0.8484383821487427), ('hidroksida', 0.8467700481414795), ('hidrat', 0.8457626104354858), ('hcl', 0.8445401787757874), ('bromida', 0.8396275043487549), ('dikromat', 0.8389238119125366)]"
6,oksidasi,"[('reduksi', 0.7980429530143738), ('hidrasi', 0.7767259478569031), ('dekomposisi', 0.7734660506248474), ('hidrolisis', 0.7690011262893677), ('oksida', 0.7686502933502197), ('amonia', 0.7508245706558228), ('pereaksi', 0.7506662011146545), ('sulfat', 0.7473745346069336), ('aldehida', 0.7468121647834778), ('sulfida', 0.7460415959358215)]"
6,granit,"[('andesit', 0.807092547416687), ('basalt', 0.8010203242301941), ('batupasir', 0.7871670722961426), ('kuarsa', 0.7750515341758728), ('sekis', 0.7681148052215576), ('kalsit', 0.756065845489502), ('tuf', 0.7515113353729248), ('marmer', 0.7506862282752991), ('kuarsit', 0.7484636306762695), ('diorit', 0.7461105585098267)]"
6,stalaktit,"[('stalagmit', 0.814301073551178), ('stalakmit', 0.7471701502799988), ('stalagtit', 0.7441304326057434), ('breksi', 0.7174920439720154), ('bebatuan', 0.716792643070221), ('granit', 0.672279953956604), ('batugamping', 0.6696906089782715), ('basalt', 0.6634697914123535), ('tuf', 0.6478564143180847), ('sekis', 0.6460587978363037)]"
6,gundukan,"[('timbunan', 0.7174166440963745), ('bebatuan', 0.7130296230316162), ('berbatu', 0.665687084197998), ('granit', 0.6642129421234131), ('ofel', 0.6571189761161804), ('monolit', 0.6523676514625549), ('tumpukan', 0.6514967083930969), ('runtuhan', 0.6465571522712708), ('bongkahan', 0.6358725428581238), ('menhir', 0.6316289305686951)]"
6,kuarsit,"[('sekis', 0.8397640585899353), ('granodiorit', 0.827094316482544), ('diorit', 0.8063194155693054), ('gabro', 0.8040964007377625), ('peridotit', 0.7992561459541321), ('kalsit', 0.7824258804321289), ('diabas', 0.7801092267036438), ('metamorf', 0.7794796824455261), ('basalt', 0.7776280045509338), ('filit', 0.7740030288696289)]"
6,beku,"[('lelehan', 0.7048228979110718), ('magma', 0.675504207611084), ('membeku', 0.6568469405174255), ('meleleh', 0.6541786193847656), ('mencair', 0.6535702347755432), ('endapan', 0.6463634371757507), ('pengeringan', 0.6459030508995056), ('sedimen', 0.6424488425254822), ('berair', 0.6372243762016296), ('penguapan', 0.632735550403595)]"
6,serpentinit,"[('peridotit', 0.7993771433830261), ('metamorf', 0.7972413301467896), ('sekis', 0.7849929928779602), ('gabro', 0.7812232971191406), ('diabas', 0.7615023255348206), ('basalt', 0.7569288015365601), ('skarn', 0.7568756341934204), ('ultramafik', 0.756770670413971), ('plutonik', 0.751889169216156), ('aragonit', 0.7473125457763672)]"
6,ultramafik,"[('peridotit', 0.8335533738136292), ('plutonik', 0.8326560854911804), ('diabas', 0.8088975548744202), ('mafik', 0.8081699013710022), ('gabro', 0.8043305277824402), ('pegmatit', 0.8007668256759644), ('ekstrusif', 0.7936355471611023), ('intrusif', 0.7905641794204712), ('metamorf', 0.7901141047477722), ('riolit', 0.7822331786155701)]"
6,granodiorit,"[('kuarsit', 0.827094316482544), ('diorit', 0.8235751390457153), ('peridotit', 0.8066364526748657), ('gabro', 0.8020951151847839), ('basalt', 0.8002004027366638), ('diabas', 0.7875605225563049), ('sekis', 0.7871719002723694), ('andesit', 0.7837496399879456), ('metamorf', 0.7835253477096558), ('hornblende', 0.7795919179916382)]"
6,lanau,"[('lempung', 0.7913298010826111), ('basalt', 0.7499268651008606), ('peridotit', 0.7170372009277344), ('gabro', 0.7166340351104736), ('kuarsa', 0.7132336497306824), ('diorit', 0.7004427909851074), ('kuarsit', 0.6968535780906677), ('granodiorit', 0.693602979183197), ('plutonik', 0.6935365796089172), ('kalsit', 0.6922270059585571)]"
6,laterit,"[('lempung', 0.7729396820068359), ('andesit', 0.7346766591072083), ('kuarsit', 0.7081889510154724), ('batupasir', 0.7063230276107788), ('aluvial', 0.7061616778373718), ('basalt', 0.6972172856330872), ('kuarsa', 0.6902456879615784), ('gipsum', 0.6884812712669373), ('alluvium', 0.6815354824066162), ('gamping', 0.6762628555297852)]"
6,tamak,"[('serakah', 0.8128251433372498), ('sombong', 0.7677037119865417), ('rakus', 0.7368804216384888), ('jahil', 0.7139387130737305), ('pemarah', 0.7114208936691284), ('dengki', 0.7090966105461121), ('egois', 0.6993530988693237), ('angkuh', 0.6965207457542419), ('galak', 0.696334719657898), ('malas', 0.6949443221092224)]"
6,tabiat,"[('dengki', 0.6705960035324097), ('kelakuan', 0.6641960144042969), ('perangai', 0.6594599485397339), ('watak', 0.6579444408416748), ('kelembutan', 0.6504780054092407), ('kesombongan', 0.6492847204208374), ('kebodohan', 0.6425986886024475), ('prilaku', 0.634524941444397), ('kesabaran', 0.6175537705421448), ('temperamen', 0.6126131415367126)]"
6,kelokan,"[('meander', 0.6708989143371582), ('tarab', 0.6241098642349243), ('sungi', 0.613685667514801), ('kelok', 0.612880527973175), ('citanduy', 0.6118069887161255), ('tepian', 0.5731794834136963), ('cijolang', 0.5713302493095398), ('meluapnya', 0.5705625414848328), ('benanain', 0.5690754055976868), ('kambaniru', 0.5674841403961182)]"
6,pyroclastic,"[('spilt', 0.8489567041397095), ('ducts', 0.8304280042648315), ('pincushion', 0.8217287063598633), ('magnox', 0.8203275203704834), ('movf', 0.81770259141922), ('predicting', 0.8155639171600342), ('ionization', 0.8133528828620911), ('moonsault', 0.8112736344337463), ('intrusions', 0.808285117149353), ('pfo', 0.8067776560783386)]"
6,rhyolite,"[('pyroclastic', 0.6618911623954773), ('volcano', 0.6532149910926819), ('dacite', 0.6376112699508667), ('volcanic', 0.6297618746757507), ('kilauea', 0.6295405030250549), ('beds', 0.6167905330657959), ('domes', 0.6079686284065247), ('yellowstone', 0.6019994616508484), ('galeras', 0.6019497513771057), ('volkano', 0.6015609502792358)]"
6,omotesenke,"[('urasenke', 0.7902166247367859), ('shij_', 0.7045507431030273), ('sakyapa', 0.6919101476669312), ('tiantai', 0.6883886456489563), ('gelugpa', 0.6869750022888184), ('caodong', 0.6814401149749756), ('iemoto', 0.6738941073417664), ('cheontae', 0.6736463308334351), ('_kura', 0.6730635166168213), ('nyingmapa', 0.6689247488975525)]"
6,turbulen,"[('laminer', 0.7648069858551025), ('laminar', 0.7577579021453857), ('piroklastik', 0.6499083638191223), ('plastis', 0.640339195728302), ('dacite', 0.6334242820739746), ('turbidit', 0.6290403008460999), ('heliosfer', 0.6281279921531677), ('alir', 0.6091328859329224), ('ohmik', 0.6042048931121826), ('praambang', 0.6040696501731873)]"
6,laminar,"[('turbulen', 0.7577579021453857), ('flow', 0.675550103187561), ('hydraulic', 0.6727339029312134), ('exhaust', 0.6700665950775146), ('discharge', 0.6591177582740784), ('stator', 0.6588035225868225), ('laminer', 0.6536538600921631), ('axial', 0.6407161355018616), ('piroklastik', 0.6388173699378967), ('fluid', 0.6354917287826538)]"
6,kumulonimbus,"[('kumulus', 0.7846340537071228), ('mammatus', 0.7811442613601685), ('inkus', 0.7112789750099182), ('antiklinal', 0.6913135647773743), ('riolit', 0.6809316873550415), ('panan', 0.6806299686431885), ('cumulus', 0.6794606447219849), ('nagasakibomb', 0.6661518812179565), ('diabas', 0.6624893546104431), ('plutonik', 0.6621544361114502)]"
6,diabas,"[('gabro', 0.8146862387657166), ('diorit', 0.8136193752288818), ('peridotit', 0.8103328347206116), ('ultramafik', 0.8088976740837097), ('basalt', 0.7967461347579956), ('batutanduk', 0.7934808135032654), ('plutonik', 0.7885143160820007), ('granodiorit', 0.7875607013702393), ('gneis', 0.780745804309845), ('kuarsit', 0.7801092267036438)]"
6,stepa,"[('eurasia', 0.7479779124259949), ('siberia', 0.7189429998397827), ('kaukasus', 0.6980326175689697), ('anatolia', 0.6804254651069641), ('gobi', 0.6606428623199463), ('skithia', 0.6334933042526245), ('gurun', 0.6289605498313904), ('baktria', 0.6273217797279358), ('cekungan', 0.6267691254615784), ('ural', 0.6226714253425598)]"
6,sianok,"[('taluak', 0.712384819984436), ('harau', 0.7058963179588318), ('sariak', 0.7015857696533203), ('maninjau', 0.6983641386032104), ('suliki', 0.6981212496757507), ('gumanti', 0.6910221576690674), ('bukik', 0.6837602853775024), ('anau', 0.6796447038650513), ('anai', 0.6788325905799866), ('cubadak', 0.6742011308670044)]"
6,pegunungan,"[('perbukitan', 0.8196009993553162), ('pengunungan', 0.7539618015289307), ('gunung', 0.7301235198974609), ('lereng', 0.7139779925346375), ('lembah', 0.7040915489196777), ('dataran', 0.6945312023162842), ('himalaya', 0.6677795648574829), ('alpen', 0.6539671421051025), ('bergunung', 0.6341187953948975), ('pergunungan', 0.633481502532959)]"
6,fohn,"[('semilir', 0.6464734673500061), ('pasat', 0.6452038884162903), ('anemokori', 0.6410490870475769), ('leucosticta', 0.6168189644813538), ('omissus', 0.6139340400695801), ('brassi', 0.6114567518234253), ('paphiopedilum', 0.6113663911819458), ('isabellinus', 0.610785186290741), ('alexandrae', 0.6066661477088928), ('klossii', 0.6062094569206238)]"
6,anemokori,"[('agardh', 0.8179355263710022), ('synedrella', 0.8110532164573669), ('melastoma', 0.810502827167511), ('dactylis', 0.8096272349357605), ('hornepayne', 0.8090118169784546), ('prohati', 0.8063415288925171), ('schinz', 0.8041772842407227), ('leucosticta', 0.8038307428359985), ('agretti', 0.8034478425979614), ('viette', 0.8032345175743103)]"
6,berembus,"[('semilir', 0.6448712944984436), ('tertiup', 0.6380776762962341), ('berhembus', 0.6290854811668396), ('sepoi', 0.6264655590057373), ('bertiup', 0.5961167216300964), ('tiupan', 0.5787903070449829), ('ribut', 0.5625318288803101), ('bertiuplah', 0.5575842261314392), ('pasat', 0.5575798153877258), ('kencang', 0.5501066446304321)]"
6,pendjuru,"[('perangin', 0.6841582655906677), ('anginan', 0.6299957036972046), ('pengejar', 0.5945243835449219), ('hajopan', 0.5769520998001099), ('bersegi', 0.5490671396255493), ('sekawan', 0.5368661284446716), ('tertiup', 0.5294512510299683), ('sakal', 0.5265816450119019), ('kincir', 0.5181193351745605), ('serangkai', 0.5049400925636292)]"
6,embusan,"[('hembusan', 0.6589292287826538), ('tiupan', 0.653436005115509), ('perangin', 0.6399815678596497), ('tertiup', 0.5968904495239258), ('terpaan', 0.5819317102432251), ('sepoi', 0.5643370151519775), ('anginan', 0.557208240032196), ('menderu', 0.5464993119239807), ('semilir', 0.5418506860733032), ('kencang', 0.5375922322273254)]"
6,barap,"[('laboh', 0.7579964399337769), ('m_t_', 0.7326018214225769), ('femalenominated', 0.7319607734680176), ('denbravo', 0.7317827939987183), ('doyam', 0.7304617166519165), ('fuuton', 0.7281649112701416), ('anemokori', 0.725853681564331), ('bapinang', 0.7254496216773987), ('triwanto', 0.7234248518943787), ('hornepayne', 0.7234246730804443)]"
6,diangin,"[('bewani', 0.7081000208854675), ('embal', 0.6931291222572327), ('fattoush', 0.6833771467208862), ('metronidazol', 0.6795373558998108), ('kataka', 0.6775215864181519), ('gatrik', 0.6768676042556763), ('sibma', 0.6768491268157959), ('kagu', 0.6712178587913513), ('kalguksu', 0.6710199117660522), ('begana', 0.6705262660980225)]"
6,halilintar,"[('guntur', 0.6590443253517151), ('geni', 0.6132951378822327), ('gumara', 0.6080567836761475), ('pengejar', 0.5973433256149292), ('petir', 0.5880685448646545), ('sangkuriang', 0.5741504430770874), ('deru', 0.5741354823112488), ('durjana', 0.5664621591567993), ('pamungkas', 0.5609517097473145), ('srigala', 0.5580042004585266)]"
6,nyambar,"[('wetaning', 0.824825644493103), ('rufidorsa', 0.8101251125335693), ('flavosignata', 0.806945264339447), ('pogonocherus', 0.8048726916313171), ('koran_detail', 0.8048697710037231), ('lotsij', 0.800787091255188), ('mildura', 0.7999895811080933), ('golosÃ³n', 0.7997772097587585), ('tepapa', 0.7997632026672363), ('otosia', 0.7994411587715149)]"
6,klimatologi,"[('geofisika', 0.8565646409988403), ('meteorologi', 0.8457454442977905), ('hidrologi', 0.739866316318512), ('oseanografi', 0.7227580547332764), ('vulkanologi', 0.6958884000778198), ('geodesi', 0.684526801109314), ('metereologi', 0.6704884171485901), ('kegempaan', 0.6635184288024902), ('seismologi', 0.6601592898368835), ('geologi', 0.6601129174232483)]"
6,geomorfologi,"[('geologi', 0.7907940745353699), ('stratigrafi', 0.7773048281669617), ('hidrologi', 0.7559512257575989), ('geologis', 0.7381619215011597), ('sedimentologi', 0.7372173070907593), ('hidrogeologi', 0.7300196886062622), ('biogeografi', 0.7133103013038635), ('topografi', 0.7123451232910156), ('petrologi', 0.7077257037162781), ('mineralogi', 0.6697779893875122)]"
6,seismologi,"[('vulkanologi', 0.780413806438446), ('astrofisika', 0.7111215591430664), ('geofisika', 0.701289713382721), ('kartografi', 0.6800343990325928), ('sedimentologi', 0.6755848526954651), ('klimatologi', 0.6601592898368835), ('oseanografi', 0.6589804887771606), ('paleontologi', 0.6498488187789917), ('meteorologi', 0.6482319831848145), ('neurosains', 0.6435730457305908)]"
6,geofisika,"[('meteorologi', 0.8626009821891785), ('klimatologi', 0.8565645217895508), ('vulkanologi', 0.7591789960861206), ('oseanografi', 0.7240115404129028), ('geodesi', 0.7055354714393616), ('seismologi', 0.7012897729873657), ('geologi', 0.6843162178993225), ('geokimia', 0.6771445274353027), ('astrofisika', 0.6653351783752441), ('bmkg', 0.6448800563812256)]"
6,vulkanologi,"[('seismologi', 0.7804136872291565), ('geofisika', 0.7591789364814758), ('geologi', 0.7417507767677307), ('sedimentologi', 0.7316074371337891), ('petrologi', 0.6980364322662354), ('klimatologi', 0.6958884000778198), ('meteorologi', 0.6900474429130554), ('oseanografi', 0.6886070370674133), ('mineralogi', 0.6576254963874817), ('geokimia', 0.6561450362205505)]"
6,geodesi,"[('kartografi', 0.7173316478729248), ('perataan', 0.7081008553504944), ('oseanografi', 0.7071643471717834), ('geofisika', 0.7055354714393616), ('mineralogi', 0.6983324289321899), ('geoteknik', 0.6924341320991516), ('geologi', 0.6887245178222656), ('klimatologi', 0.6845267415046692), ('geokimia', 0.6828209757804871), ('keteknikan', 0.6810125112533569)]"
6,geologi,"[('geomorfologi', 0.7907940149307251), ('stratigrafi', 0.7593270540237427), ('geologis', 0.7454506754875183), ('vulkanologi', 0.7417507767677307), ('paleontologi', 0.7077561616897583), ('mineralogi', 0.6889009475708008), ('geodesi', 0.6887245774269104), ('geofisika', 0.6843162775039673), ('geokimia', 0.6790444254875183), ('kartografi', 0.6742100715637207)]"
6,astronomis,"[('matematis', 0.7572384476661682), ('topografis', 0.7463911771774292), ('implisit', 0.6975341439247131), ('teoritis', 0.696485161781311), ('alfabetis', 0.6940416693687439), ('kategoris', 0.6900229454040527), ('berturutan', 0.6871368288993835), ('kronologis', 0.6782930493354797), ('kontinu', 0.6773579716682434), ('adminitratif', 0.6718907952308655)]"
6,topografis,"[('geomorfologis', 0.7917604446411133), ('geografis', 0.7627900838851929), ('adminitratif', 0.7617311477661133), ('geologik', 0.7592032551765442), ('astronomis', 0.7463911771774292), ('terminologis', 0.7335752844810486), ('fisiografi', 0.7321241497993469), ('prinsipil', 0.7251554727554321), ('retroaktif', 0.7181192636489868), ('topografi', 0.7159659266471863)]"
6,endogenik,"[('makroskopis', 0.7003724575042725), ('histologis', 0.685287594795227), ('embrional', 0.6710634827613831), ('enzimatis', 0.6657369136810303), ('biokimiawi', 0.6534147262573242), ('terkatalisis', 0.6534141898155212), ('geologis', 0.6524643898010254), ('energetika', 0.6493033170700073), ('frekuentif', 0.6377544403076172), ('kontinyu', 0.637502908706665)]"
6,morfologis,"[('genetis', 0.8298060297966003), ('histologis', 0.7975672483444214), ('implisit', 0.7507137060165405), ('makroskopis', 0.7450920343399048), ('semantis', 0.7427735328674316), ('anatomis', 0.7426515817642212), ('inheren', 0.7299866080284119), ('morfologi', 0.7293978929519653), ('skematis', 0.7246650457382202), ('intrinsik', 0.7140755653381348)]"
6,alamiah,"[('alami', 0.7398458123207092), ('jasmaniah', 0.7193499207496643), ('konkret', 0.6997497081756592), ('intrinsik', 0.6979907155036926), ('inheren', 0.6921360492706299), ('kimiawi', 0.6892083287239075), ('metafisik', 0.6857180595397949), ('subjektif', 0.6837940216064453), ('lahiriah', 0.6778691411018372), ('morfologis', 0.6760808229446411)]"
6,topografi,"[('topografinya', 0.7426522374153137), ('topografis', 0.7159660458564758), ('geomorfologi', 0.7123451232910156), ('geografis', 0.7118491530418396), ('kontur', 0.6876211166381836), ('kelerengan', 0.6664689183235168), ('berbukit', 0.6583496928215027), ('geologis', 0.6274071335792542), ('kemiringan', 0.6229456067085266), ('geografisnya', 0.6210477948188782)]"
6,pemodelan,"[('permodelan', 0.7345733642578125), ('visualisasi', 0.7306439876556396), ('komputasional', 0.7132133841514587), ('simulasi', 0.6915469169616699), ('analisis', 0.6884230375289917), ('pemetaan', 0.6861976385116577), ('statistika', 0.6858155727386475), ('prediktif', 0.684122622013092), ('optimasi', 0.6593769192695618), ('abstraksi', 0.6575363874435425)]"
6,pelacakan,"[('pendeteksian', 0.7639104127883911), ('pemantauan', 0.7353115677833557), ('autentikasi', 0.6940560936927795), ('pemindaian', 0.6939058899879456), ('gps', 0.6904760003089905), ('pengecekan', 0.6900525093078613), ('deteksi', 0.6729177832603455), ('navigasi', 0.6707153916358948), ('pengontrolan', 0.6658541560173035), ('pemetaan', 0.6657654643058777)]"
6,visualisasi,"[('pemodelan', 0.7306439876556396), ('digitalisasi', 0.6777744293212891), ('pencitraan', 0.6669130325317383), ('abstraksi', 0.6634775996208191), ('optis', 0.6586596965789795), ('pemindaian', 0.6529858708381653), ('scanning', 0.6402507424354553), ('simulasi', 0.6399559378623962), ('pemetaan', 0.6376362442970276), ('numerik', 0.633703351020813)]"
,gempa bumi,
,pergerakan tanah,
,tanah bergerak,
,pergeseran tanah,
,tanah geser,
,karhutla,
,kebakaran hutan,
,angin kencang,
,gunung meletus,
,angin,
